"","Lookup_UK_WindForce.ID","Lookup_UK_WindForce.WindForce","Lookup_UK_WindForce.CLIWOC.Class","Lookup_UK_WindForce.Beaufort","Lookup_UK_WindForce.mps"
"1",1,"",9,NA,NA
"2",2,"0",1,0,0
"3",3,"1",1,1,1
"4",4,"10",4,10,26.7999992
"5",5,"11",4,11,30.8999996
"6",6,"12",4,12,35
"7",7,"2",2,2,2.5999999
"8",8,"3",2,3,4.5999999
"9",9,"4",2,4,6.69999981
"10",10,"5",3,5,9.30000019
"11",11,"6",3,6,12.3000002
"12",12,"7",3,7,15.3999996
"13",13,"8",4,8,19
"14",14,"9",4,9,22.6000004
"15",15,"adverse winds",8,NA,NA
"16",16,"agreable gales",3,7,15.3999996
"17",17,"agreeable gales",3,7,15.3999996
"18",18,"airs",1,1,1
"19",19,"almost calm",1,1,1
"20",20,"appearance of trade winds",3,5,9.30000019
"21",21,"appearance of wind",1,1,1
"22",22,"baffling airs",1,1,1
"23",23,"baffling light airs",1,1,1
"24",24,"baffling light variable winds",1,1,0.600000024
"25",25,"baffling winds",1,1,1
"26",26,"blew strong",4,9,22.6000004
"27",27,"blew very hard",4,11,30.8999996
"28",28,"blew very violent",4,12,35
"29",29,"blow excessive hard",4,12,35
"30",30,"blow fresh",3,6,12.3000002
"31",31,"blow hard",4,10,26.7999992
"32",32,"blow very hard",4,11,30.8999996
"33",33,"blowed hard",4,10,26.7999992
"34",34,"blowing",8,NA,NA
"35",35,"blowing a gale of wind",3,7,15.3999996
"36",36,"blowing a hard gale",4,10,26.7999992
"37",37,"blowing a storm of wind",4,10,26.7999992
"38",38,"blowing excessively hard",4,11,31.6000004
"39",39,"blowing extremely hard",4,11,31.6000004
"40",40,"blowing fresh",3,6,12.3000002
"41",41,"blowing fresh decreasing",3,6,11.6000004
"42",42,"blowing fresh squalls",3,6,12.3000002
"43",43,"blowing hard",4,10,26.7999992
"44",44,"blowing hard decreasing",4,10,25.5
"45",45,"blowing harder and harder",4,10,27.3999996
"46",46,"blowing heavy gales",4,9,22.6000004
"47",47,"blowing strong",4,9,22.6000004
"48",48,"blowing strong decreasing",4,9,21.7000008
"49",49,"blowing unsettled",8,NA,NA
"50",50,"blowing very",8,NA,NA
"51",51,"blowing very fresh",3,5,10
"52",52,"blowing very hard",4,10,27.3999996
"53",53,"blowing very heavy",8,NA,NA
"54",54,"blowing very strong gale",4,9,23.5
"55",55,"blowing very strong in squalls",8,NA,NA
"56",56,"blowing wind",8,NA,NA
"57",57,"blows fresh",3,5,9.30000019
"58",58,"blows hard",4,10,26.7999992
"59",59,"blows strong",4,9,22.6000004
"60",60,"blows very hard",4,10,27.3999996
"61",61,"breeze",2,4,6.69999981
"62",62,"breeze considerably increasing",2,4,7.30000019
"63",63,"breeze decreasing",2,4,6.0999999
"64",64,"breeze freshened",2,4,7.30000019
"65",65,"breeze increasing",2,4,7.30000019
"66",66,"breezes",2,4,6.69999981
"67",67,"breezes freshening",2,4,7.30000019
"68",68,"brisk",3,6,12.3000002
"69",69,"brisk breeze",3,6,12.3000002
"70",70,"brisk breezes",3,6,12.3000002
"71",71,"brisk gale",3,6,12.3000002
"72",72,"brisk gale decreasing",3,6,11.6000004
"73",73,"brisk gale increasing",3,6,13.1000004
"74",74,"brisk gale of wind",3,6,12.3000002
"75",75,"brisk gales",3,6,12.3000002
"76",76,"brisk increasing gales",3,6,13.1000004
"77",77,"brisk pleasant gales",3,5,9.30000019
"78",78,"brisk scant trade",2,3,4.9000001
"79",79,"brisk steady gale",3,6,12.3000002
"80",80,"brisk steady gales",3,6,12.3000002
"81",81,"brisk steady trade",3,6,13.1000004
"82",82,"brisk trade",3,5,10
"83",83,"brisk trade decreasing",3,5,9.30000019
"84",84,"brisk trade wind",3,5,10
"85",85,"brisk trade winds",3,5,10
"86",86,"brisk variable trade",3,5,10
"87",87,"brisk wind",8,NA,NA
"88",88,"calm",1,0,0
"89",89,"calms",1,0,0
"90",90,"changable winds",8,NA,NA
"91",91,"changeable",8,NA,NA
"92",92,"changeable wind",8,NA,NA
"93",93,"clear fresh wind",3,5,9.30000019
"94",94,"close hauled",4,10,26.7999992
"95",95,"constant breeze",2,4,6.69999981
"96",96,"constant brisk gale of wind",3,7,15.3999996
"97",97,"constant brisk trade",3,5,10
"98",98,"constant fine gale of wind",3,7,15.3999996
"99",99,"constant fine trade",3,5,9.30000019
"100",100,"constant flying squalls",8,NA,NA
"101",101,"constant fresh gale",4,8,19
"102",102,"constant fresh gales",4,8,19
"103",103,"constant fresh wind",3,5,9.30000019
"104",104,"constant gale",3,7,15.3999996
"105",105,"constant gales",3,7,15.3999996
"106",106,"constant gentle trade",2,4,6.69999981
"107",107,"constant pleasant trade",3,5,9.30000019
"108",108,"constant squalls",8,NA,NA
"109",109,"constant steady breeze increasing",2,4,6.69999981
"110",110,"constant steady easy gale",2,3,4.5999999
"111",111,"constant steady gale",3,7,15.3999996
"112",112,"constant steady wind",8,NA,NA
"113",113,"constant strong gale",4,9,22.6000004
"114",114,"constant trade",3,5,9.30000019
"115",115,"constant wind",8,NA,NA
"116",116,"continual hard squalls",8,NA,NA
"117",117,"continuance of hard squalls",8,NA,NA
"118",118,"continuous squalls",8,NA,NA
"119",119,"contrary",8,NA,NA
"120",120,"contrary winds",8,NA,NA
"121",121,"dark and squally weather",8,NA,NA
"122",122,"dark squally",8,NA,NA
"123",123,"dead calm",1,0,0
"124",124,"declining breezes",2,4,6.0999999
"125",125,"declining trade",3,5,8.69999981
"126",126,"decreasing",8,NA,NA
"127",127,"decreasing breeze",2,4,6.0999999
"128",128,"decreasing breezes",2,4,6.0999999
"129",129,"decreasing gale",3,7,14.6999998
"130",130,"decreasing gales",3,7,14.6999998
"131",131,"decreasing gradually",8,NA,NA
"132",132,"decreasing pleasant breeze",2,4,6.0999999
"133",133,"decreasing pleasant gale",3,5,8.69999981
"134",134,"decreasing trade",3,5,8.69999981
"135",135,"decreasing wind",8,NA,NA
"136",136,"decreasing winds",8,NA,NA
"137",137,"delightful fresh breeze",3,5,9.30000019
"138",138,"dirty squally",8,NA,NA
"139",139,"disagreeable calms",1,0,0
"140",140,"disagreeable light airs",1,1,1
"141",141,"disagreeable light winds",1,1,1
"142",142,"drifting winds",8,NA,NA
"143",143,"dying away",1,0,0
"144",144,"easy breeze",2,2,2.5999999
"145",145,"easy breezes",2,2,2.5999999
"146",146,"easy gale",2,3,4.5999999
"147",147,"easy gales",2,3,4.5999999
"148",148,"easy pleasant gales",3,5,9.30000019
"149",149,"easy trade",3,5,9.30000019
"150",150,"exceeding hard gales",4,10,27.3999996
"151",151,"exceeding pleasant trade",3,5,9.30000019
"152",152,"exceeding strong gales",4,9,23.5
"153",153,"exceedingly fine winds",3,5,9.30000019
"154",154,"excessive hard gales",4,10,27.3999996
"155",155,"excessive hard gales abating",4,10,26.7999992
"156",156,"excessive hard squalls",8,NA,NA
"157",157,"excessive hard squalls decreasing",8,NA,NA
"158",158,"extremely light airs",1,1,0.600000024
"159",159,"extremely pleasant running gale",3,5,9.30000019
"160",160,"faint",1,1,1
"161",161,"faint air",1,1,1
"162",162,"faint airs",1,1,1
"163",163,"faint breeze",2,2,2.5999999
"164",164,"faint breezes",2,2,2.5999999
"165",165,"faint gales",2,3,4.5999999
"166",166,"faint light winds",2,2,2
"167",167,"faint trade",2,3,4.5999999
"168",168,"faint trade gales",2,3,4.5999999
"169",169,"faint trade wind",2,3,4.5999999
"170",170,"faint winds",2,2,2.5999999
"171",171,"fair",8,NA,NA
"172",172,"fair air",8,NA,NA
"173",173,"fair breeze",8,NA,NA
"174",174,"fair breezes",8,NA,NA
"175",175,"fair fine breeze",3,5,9.30000019
"176",176,"fair pleasant trade",3,5,9.30000019
"177",177,"fair steady gale",3,7,15.3999996
"178",178,"fair weather",8,NA,NA
"179",179,"falling calm",1,0,0
"180",180,"falling little wind",1,1,1
"181",181,"faultering breezes",8,NA,NA
"182",182,"favourable gales",3,7,15.3999996
"183",183,"favourable trade",3,5,9.30000019
"184",184,"fine",8,NA,NA
"185",185,"fine breeze",3,5,9.30000019
"186",186,"fine breeze decreasing",3,5,8.69999981
"187",187,"fine breeze increasing",3,5,10
"188",188,"fine breeze springing up",3,5,9.30000019
"189",189,"fine breezes",3,5,9.30000019
"190",190,"fine breezes decreasing",3,5,8.69999981
"191",191,"fine brisk gale",3,6,12.3000002
"192",192,"fine brisk gale of wind",3,6,12.3000002
"193",193,"fine brisk trade",3,5,9.30000019
"194",194,"fine brisk trade wind",3,5,9.30000019
"195",195,"fine brisk wind",8,NA,NA
"196",196,"fine constant gale",3,5,9.30000019
"197",197,"fine constant gales",3,5,9.30000019
"198",198,"fine easy gale",2,3,4.5999999
"199",199,"fine easy gale gradually decreasing",2,3,4
"200",200,"fine easy gales",2,3,4.5999999
"201",201,"fine easy light winds",2,2,2.5999999
"202",202,"fine easy pleasant gale",3,5,9.30000019
"203",203,"fine fresh breeze",3,5,9.30000019
"204",204,"fine fresh breezes",3,5,9.30000019
"205",205,"fine fresh gale",4,8,19
"206",206,"fine fresh gales",4,8,19
"207",207,"fine fresh steady gales",3,6,12.3000002
"208",208,"fine fresh trade",3,6,12.3000002
"209",209,"fine fresh wind",3,6,12.3000002
"210",210,"fine gale",3,5,9.30000019
"211",211,"fine gale increasing",3,5,10
"212",212,"fine gale moderate",3,5,9.30000019
"213",213,"fine gale of wind",3,5,9.30000019
"214",214,"fine gales",3,5,9.30000019
"215",215,"fine gentle breeze",2,3,4.5999999
"216",216,"fine gentle breezes",2,3,4.5999999
"217",217,"fine gentle gale",2,3,4.5999999
"218",218,"fine heavy gales",4,9,22.6000004
"219",219,"fine increasing breeze",3,5,10
"220",220,"fine increasing breezes",3,5,10
"221",221,"fine increasing gale",3,5,10
"222",222,"fine land breeze",8,NA,NA
"223",223,"fine leading gale",3,5,9.30000019
"224",224,"fine little breeze",2,2,2
"225",225,"fine little breezes",2,3,4.5999999
"226",226,"fine moderate constant gale of wind",2,3,4.5999999
"227",227,"fine moderate gale",3,7,15.3999996
"228",228,"fine moderate gale of wind",3,7,15.3999996
"229",229,"fine moderate gales",3,7,15.3999996
"230",230,"fine moderate pleasant gale of wind",3,5,9.30000019
"231",231,"fine moderate trade",3,5,9.30000019
"232",232,"fine pleasant breeze",2,4,6.69999981
"233",233,"fine pleasant breezes",2,4,6.69999981
"234",234,"fine pleasant gale",3,5,9.30000019
"235",235,"fine pleasant gale of wind",3,5,9.30000019
"236",236,"fine pleasant gales",3,5,9.30000019
"237",237,"fine pleasant gales of wind",3,5,9.30000019
"238",238,"fine pleasant running gale",3,5,9.30000019
"239",239,"fine pleasant trade",3,5,9.30000019
"240",240,"fine pleasant trade wind",3,5,9.30000019
"241",241,"fine running gale",3,5,9.30000019
"242",242,"fine running pleasant gale",3,5,9.30000019
"243",243,"fine settled pleasant gale",3,5,9.30000019
"244",244,"fine settled trade",3,5,9.30000019
"245",245,"fine steady breeze",3,5,9.30000019
"246",246,"fine steady breezes",3,5,9.30000019
"247",247,"fine steady fresh breeze",3,5,9.30000019
"248",248,"fine steady gale",3,6,12.3000002
"249",249,"fine steady gales",3,6,12.3000002
"250",250,"fine steady running gale",3,6,12.3000002
"251",251,"fine steady trade",3,6,12.3000002
"252",252,"fine strong breezes",3,6,12.3000002
"253",253,"fine strong trade",3,7,15.3999996
"254",254,"fine trade",3,5,9.30000019
"255",255,"fine trade wind",3,5,9.30000019
"256",256,"fine trading gale",3,5,9.30000019
"257",257,"fine wind",3,5,9.30000019
"258",258,"flying showers",8,NA,NA
"259",259,"flying squalls",8,NA,NA
"260",260,"flying winds",8,NA,NA
"261",261,"frequent apperance of hard squalls",8,NA,NA
"262",262,"frequent hard squalls",8,NA,NA
"263",263,"frequent light squalls",8,NA,NA
"264",264,"frequent squalls",8,NA,NA
"265",265,"fresh",8,NA,NA
"266",266,"fresh airs",8,NA,NA
"267",267,"fresh breeze",3,5,9.30000019
"268",268,"fresh breeze decreasing",3,5,8.69999981
"269",269,"fresh breeze increasing",3,5,10
"270",270,"fresh breezes",3,5,9.30000019
"271",271,"fresh breezes declining",3,5,8.69999981
"272",272,"fresh breezes decreasing",3,5,8.69999981
"273",273,"fresh breezes inclinable to blow",3,5,10
"274",274,"fresh breezes increasing",3,5,10
"275",275,"fresh breezes varying",3,5,9.30000019
"276",276,"fresh decreasing",8,NA,NA
"277",277,"fresh gale",4,8,19
"278",278,"fresh gale blowing strong",4,8,19.7999992
"279",279,"fresh gale decreasing",4,8,18.1000004
"280",280,"fresh gale moderating",4,8,18.1000004
"281",281,"fresh gale of wind",4,8,19
"282",282,"fresh gale under double-reefed topsails",4,8,19
"283",283,"fresh gale with squalls",4,8,19
"284",284,"fresh gales",4,8,19
"285",285,"fresh gales blowing very hard",4,8,19.7999992
"286",286,"fresh gales decreasing",4,8,18.1000004
"287",287,"fresh gales inclinable to blow hard",4,8,19.7999992
"288",288,"fresh gales increasing",4,8,19.7999992
"289",289,"fresh gales moderating",4,8,18.1000004
"290",290,"fresh gales of wind",4,8,19
"291",291,"fresh gales unsettled",4,8,19
"292",292,"fresh gales variable",4,8,19
"293",293,"fresh increasing breeze",3,5,10
"294",294,"fresh increasing gale",4,8,19.7999992
"295",295,"fresh monsoon",3,6,12.3000002
"296",296,"fresh monsoons",3,6,12.3000002
"297",297,"fresh passing squalls",8,NA,NA
"298",298,"fresh pleasant breezes",2,4,7.30000019
"299",299,"fresh pleasant gale",3,5,10
"300",300,"fresh pleasant gales",3,5,10
"301",301,"fresh pleasant trade",3,5,10
"302",302,"fresh pleasant trades",3,5,10
"303",303,"fresh running gale",4,8,19
"304",304,"fresh scant trade",2,3,4.9000001
"305",305,"fresh settled breeze",3,5,9.30000019
"306",306,"fresh settled monsoon",3,6,12.3000002
"307",307,"fresh squalls",8,NA,NA
"308",308,"fresh squally weather",8,NA,NA
"309",309,"fresh steady breeze",3,5,10
"310",310,"fresh steady breezes",3,5,10
"311",311,"fresh steady gale",3,6,13.1000004
"312",312,"fresh steady gales",3,6,13.1000004
"313",313,"fresh steady trade",3,6,13.1000004
"314",314,"fresh steady wind",3,5,10
"315",315,"fresh topgallant gale",3,5,9.30000019
"316",316,"fresh trade",3,6,12.3000002
"317",317,"fresh trade and squally",3,6,12.3000002
"318",318,"fresh trade breezes",3,6,12.3000002
"319",319,"fresh trade decreasing",3,6,11.6000004
"320",320,"fresh trade gale",3,6,12.3000002
"321",321,"fresh trade gales",3,6,12.3000002
"322",322,"fresh trade increasing",3,6,13.1000004
"323",323,"fresh trade wind",3,6,12.3000002
"324",324,"fresh trade winds",3,6,12.3000002
"325",325,"fresh trades",3,6,12.3000002
"326",326,"fresh trading gale",3,6,12.3000002
"327",327,"fresh trading winds",3,6,12.3000002
"328",328,"fresh variable breezes",3,5,9.30000019
"329",329,"fresh variable gales",4,8,19
"330",330,"fresh variable trade",3,6,12.3000002
"331",331,"fresh variable wind",3,6,12.3000002
"332",332,"fresh wind",3,6,12.3000002
"333",333,"fresh winds",3,6,12.3000002
"334",334,"fresh winds decreasing",3,6,11.6000004
"335",335,"freshened",8,NA,NA
"336",336,"freshening",8,NA,NA
"337",337,"freshening breeze",2,4,7.30000019
"338",338,"freshening breezes",2,4,7.30000019
"339",339,"freshening gales",3,7,16.2999992
"340",340,"freshening winds",2,4,7.30000019
"341",341,"freshing on",8,NA,NA
"342",342,"freshning up",8,NA,NA
"343",343,"gale",3,7,15.3999996
"344",344,"gale abated",3,7,14.6999998
"345",345,"gale abating",3,7,14.6999998
"346",346,"gale blowing very hard",4,10,27.3999996
"347",347,"gale decreasing",3,7,14.6999998
"348",348,"gale increasing",3,7,16.2999992
"349",349,"gale moderating",3,7,14.6999998
"350",350,"gale of wind",3,7,15.3999996
"351",351,"gales",3,7,15.3999996
"352",352,"gales decreasing",3,7,14.6999998
"353",353,"gales freshening",3,7,16.2999992
"354",354,"gales increasing",3,7,16.2999992
"355",355,"gales of wind",3,7,15.3999996
"356",356,"gales somewhat less",3,7,14.6999998
"357",357,"gentle",2,3,4.5999999
"358",358,"gentle breeze",2,3,4.5999999
"359",359,"gentle breezes",2,3,4.5999999
"360",360,"gentle breezes inclining to calms",1,1,1
"361",361,"gentle breezes of wind",2,3,4.5999999
"362",362,"gentle breezes sometimes calm",2,3,4.5999999
"363",363,"gentle breezes variable",2,3,4.5999999
"364",364,"gentle gale",2,3,4.5999999
"365",365,"gentle gales",2,3,4.5999999
"366",366,"gentle gales freshening",2,3,4.9000001
"367",367,"gentle gales increasing",2,3,4.9000001
"368",368,"gentle light breezes",2,2,2
"369",369,"gentle trade",2,3,4.5999999
"370",370,"gentle trade wind",2,3,4.5999999
"371",371,"gentle wind",2,3,4.5999999
"372",372,"gentle winds",2,3,4.5999999
"373",373,"gloomy",8,NA,NA
"374",374,"good wind",8,NA,NA
"375",375,"happy running gale",8,NA,NA
"376",376,"hard",4,10,26.7999992
"377",377,"hard gale",4,10,26.7999992
"378",378,"hard gale decreasing",4,10,25.5
"379",379,"hard gale increasing",4,10,27.3999996
"380",380,"hard gales",4,10,26.7999992
"381",381,"hard gales decreasing",4,10,25.5
"382",382,"hard gales increasing",4,10,27.3999996
"383",383,"hard gales of wind",4,10,26.7999992
"384",384,"hard gusts",8,NA,NA
"385",385,"hard squall",8,NA,NA
"386",386,"hard squall of wind",8,NA,NA
"387",387,"hard squalls",8,NA,NA
"388",388,"hard squalls of wind",8,NA,NA
"389",389,"hard squalls variable",8,NA,NA
"390",390,"hard storm",4,10,27.3999996
"391",391,"hard storms of wind",4,10,27.3999996
"392",392,"hardest gales",4,10,27.3999996
"393",393,"heavy gale",4,9,22.6000004
"394",394,"heavy gales",4,9,22.6000004
"395",395,"heavy gales of wind",4,9,22.6000004
"396",396,"heavy squall",8,NA,NA
"397",397,"heavy squalls",8,NA,NA
"398",398,"heavy squalls of wind",8,NA,NA
"399",399,"heavy wind",4,9,22.6000004
"400",400,"heavy winds",4,9,22.6000004
"401",401,"hurricane",4,12,35
"402",402,"inclinable to calm",1,1,1
"403",403,"inclinable to calms",1,1,1
"404",404,"inclining to calm",1,1,1
"405",405,"inclining to calms",1,1,1
"406",406,"increasing",8,NA,NA
"407",407,"increasing breeze",2,4,7.30000019
"408",408,"increasing breezes",2,4,7.30000019
"409",409,"increasing fine trade",3,5,10
"410",410,"increasing fresh gale",4,8,19.7999992
"411",411,"increasing fresh steady gale",3,7,15.3999996
"412",412,"increasing gale",3,7,16.2999992
"413",413,"increasing gales",3,7,16.2999992
"414",414,"increasing little breeze",2,2,2.9000001
"415",415,"increasing pleasant breeze",2,4,7.30000019
"416",416,"increasing steady gale",3,6,13.1000004
"417",417,"increasing strong gale",4,9,23.5
"418",418,"increasing trade",3,5,10
"419",419,"increasing wind",2,4,7.30000019
"420",420,"increasing winds",2,4,7.30000019
"421",421,"increasingly pleasant",8,NA,NA
"422",422,"invariable",8,NA,NA
"423",423,"land and sea breezes",8,NA,NA
"424",424,"land and seawinds",8,NA,NA
"425",425,"land breeze",8,NA,NA
"426",426,"land sea breezes",8,NA,NA
"427",427,"less wind",8,NA,NA
"428",428,"less winds",8,NA,NA
"429",429,"light",8,NA,NA
"430",430,"light air",1,1,1
"431",431,"light airs",1,1,1
"432",432,"light airs incinable to calm",1,1,0.600000024
"433",433,"light airs inclinable to be calm",1,1,0.600000024
"434",434,"light airs inclinable to calm",1,1,0.600000024
"435",435,"light airs inclinable to calms",1,1,0.600000024
"436",436,"light airs inclinbale to calm",1,1,0.600000024
"437",437,"light airs inclining to calm",1,1,0.600000024
"438",438,"light airs inclining to calms",1,1,0.600000024
"439",439,"light airs increasing",1,1,1.20000005
"440",440,"light airs of wind",1,1,1
"441",441,"light airs variable",1,1,1
"442",442,"light baffling airs",2,2,2.5999999
"443",443,"light baffling winds",2,2,2.5999999
"444",444,"light breeze",2,2,2.5999999
"445",445,"light breeze freshening",2,2,2.9000001
"446",446,"light breeze inclinable to calm",1,1,1.5
"447",447,"light breeze increasing",2,2,2.9000001
"448",448,"light breezes",2,2,2.5999999
"449",449,"light breezes decreasing",2,2,2
"450",450,"light breezes freshening",2,2,2.9000001
"451",451,"light breezes inclinable to calm",1,1,1
"452",452,"light breezes inclinable to calms",1,1,1.5
"453",453,"light breezes inclining to calm",1,1,1.5
"454",454,"light breezes increasing",2,2,2.9000001
"455",455,"light breezes of wind",2,2,2.5999999
"456",456,"light breezes variable",2,2,2.5999999
"457",457,"light decreasing breeze",2,2,2
"458",458,"light decreasing trade",2,4,6.0999999
"459",459,"light disagreeable calms",1,1,1
"460",460,"light easy gale",2,3,4
"461",461,"light faint winds",2,2,2
"462",462,"light faint winds variable",2,2,2
"463",463,"light fanning airs",1,1,1
"464",464,"light flying squalls",8,NA,NA
"465",465,"light gale",2,3,4.5999999
"466",466,"light gales",2,3,4.5999999
"467",467,"light gales decreasing",2,3,4
"468",468,"light gales increasing",2,3,4.9000001
"469",469,"light gales of wind",2,3,4.5999999
"470",470,"light gales some squalls",2,3,4.5999999
"471",471,"light gales variable",2,3,4.5999999
"472",472,"light gentle breezes",2,3,4
"473",473,"light inclining to calm",1,1,1
"474",474,"light increasing breeze",2,2,2.9000001
"475",475,"light increasing breezes",2,2,2.9000001
"476",476,"light land and sea breezes",8,NA,NA
"477",477,"light land and sea winds",8,NA,NA
"478",478,"light menacing breeze",2,2,2.5999999
"479",479,"light moderate breezes",2,2,2.5999999
"480",480,"light monsoon",2,4,6.69999981
"481",481,"light passing squalls",8,NA,NA
"482",482,"light pleasant breeze",2,4,6.0999999
"483",483,"light pleasant breeze freshening",2,4,6.69999981
"484",484,"light pleasant breezes",2,4,6.69999981
"485",485,"light pleasant trade",3,5,8.69999981
"486",486,"light sea breeze",8,NA,NA
"487",487,"light sea breezes",8,NA,NA
"488",488,"light shuffling breezes",8,NA,NA
"489",489,"light squalls",8,NA,NA
"490",490,"light steady breeze",3,5,8.69999981
"491",491,"light steady breezes",3,5,8.69999981
"492",492,"light steady trade",3,6,11.6000004
"493",493,"light trade",2,4,6.69999981
"494",494,"light trade decreasing",2,4,6.0999999
"495",495,"light trade freshening",2,4,7.30000019
"496",496,"light trade increasing",2,4,7.30000019
"497",497,"light trade winds",2,4,6.69999981
"498",498,"light trades",2,4,6.69999981
"499",499,"light trading winds",2,4,6.69999981
"500",500,"light triffling winds",1,1,1
"501",501,"light unsettled airs",8,NA,NA
"502",502,"light variable",8,NA,NA
"503",503,"light variable airs",1,1,1
"504",504,"light variable breeze",2,2,2.5999999
"505",505,"light variable breezes",2,2,2.5999999
"506",506,"light variable increasing",8,NA,NA
"507",507,"light variable trade",2,4,6.69999981
"508",508,"light variable trade increasing",2,4,7.30000019
"509",509,"light variable unsteady breezes",2,2,2.5999999
"510",510,"light variable weather",8,NA,NA
"511",511,"light variable wind",2,2,2.5999999
"512",512,"light variable winds",2,2,2.5999999
"513",513,"light variable winds freshening",2,2,2.9000001
"514",514,"light variable winds increasing",2,2,2.9000001
"515",515,"light wind",2,2,2.5999999
"516",516,"light winds",2,2,2.5999999
"517",517,"light winds decreasing",2,2,2
"518",518,"light winds freshening breezes",2,2,2.9000001
"519",519,"light winds inclinable to be calm",1,1,1.5
"520",520,"light winds inclinable to calm",1,1,1.5
"521",521,"light winds inclinable to calms",1,1,1.5
"522",522,"light winds inclining to calm",1,1,1.5
"523",523,"light winds increasing",2,2,2.9000001
"524",524,"light winds variable",2,2,2.5999999
"525",525,"light winds very variable",2,2,2.5999999
"526",526,"lighter",8,NA,NA
"527",527,"lighter squalls",8,NA,NA
"528",528,"little",8,NA,NA
"529",529,"little airs",1,1,1
"530",530,"little breeze",2,2,2.5999999
"531",531,"little breeze variable",2,2,2.5999999
"532",532,"little breezes",2,2,2.5999999
"533",533,"little moderate",2,4,6.0999999
"534",534,"little wind ",2,2,2.5999999
"535",535,"little wind falling calm",1,0,0
"536",536,"little wind inclinable to calm",1,1,0.600000024
"537",537,"little wind inclinable to calms",1,1,0.600000024
"538",538,"little wind inclined to calm",1,1,0.600000024
"539",539,"little wind inclining to calm",1,1,0.600000024
"540",540,"little wind inclining to calms",1,1,0.600000024
"541",541,"little wind variable",2,2,2.5999999
"542",542,"little winds",2,2,2.5999999
"543",543,"little winds inclinable to calms",1,1,0.600000024
"544",544,"loitering winds",8,NA,NA
"545",545,"long lulls",8,NA,NA
"546",546,"messy hurricane of wind",4,12,35
"547",547,"moderate",2,4,6.69999981
"548",548,"moderate bad variable",8,NA,NA
"549",549,"moderate breeze",2,4,6.69999981
"550",550,"moderate breeze decreasing",2,4,6.0999999
"551",551,"moderate breeze freshening",2,4,7.30000019
"552",552,"moderate breeze increasing",2,4,7.30000019
"553",553,"moderate breezes",2,4,6.69999981
"554",554,"moderate breezes declining",2,4,6.0999999
"555",555,"moderate breezes decreasing",2,4,6.0999999
"556",556,"moderate breezes freshing",2,4,7.30000019
"557",557,"moderate breezes gradually decreasing",2,4,6.0999999
"558",558,"moderate breezes inclinable to calm",1,1,1
"559",559,"moderate breezes increasing",2,4,7.30000019
"560",560,"moderate decreasing",8,NA,NA
"561",561,"moderate fair",8,NA,NA
"562",562,"moderate fine gale",3,5,9.30000019
"563",563,"moderate fresh trade",3,6,12.3000002
"564",564,"moderate fresh winds",3,6,12.3000002
"565",565,"moderate gale",3,7,15.3999996
"566",566,"moderate gale decreasing",3,7,14.6999998
"567",567,"moderate gale of wind",3,7,15.3999996
"568",568,"moderate gales",3,7,15.3999996
"569",569,"moderate gales declining",3,7,14.6999998
"570",570,"moderate gales decreasing",3,7,14.6999998
"571",571,"moderate gales freshening",3,7,16.2999992
"572",572,"moderate gales increasing",3,7,16.2999992
"573",573,"moderate gales variable",3,7,15.3999996
"574",574,"moderate inclinable to blow",8,NA,NA
"575",575,"moderate inclinable to calm",1,1,1
"576",576,"moderate inclinable to calms",1,1,1
"577",577,"moderate inclining to calm",1,1,1
"578",578,"moderate increasing",2,4,7.30000019
"579",579,"moderate increasing breeze",2,4,7.30000019
"580",580,"moderate increasing trade",3,5,10
"581",581,"moderate land and sea breezes",2,4,6.69999981
"582",582,"moderate land breeze",2,4,6.69999981
"583",583,"moderate light airs",1,1,1
"584",584,"moderate light breeze",2,2,2.5999999
"585",585,"moderate light breezes",2,2,2.5999999
"586",586,"moderate monsoon",3,5,9.30000019
"587",587,"moderate pleasant breezes",2,4,6.69999981
"588",588,"moderate pleasant monsoon",3,5,9.30000019
"589",589,"moderate pleasant weather",8,NA,NA
"590",590,"moderate sea breeze",2,4,6.69999981
"591",591,"moderate sea breezes",8,NA,NA
"592",592,"moderate shuffling winds",2,4,6.69999981
"593",593,"moderate steady",2,4,6.69999981
"594",594,"moderate steady breeze",3,5,9.30000019
"595",595,"moderate steady breezes",3,5,9.30000019
"596",596,"moderate steady gale",4,9,22.6000004
"597",597,"moderate steady trade",3,6,12.3000002
"598",598,"moderate steady trades",3,6,12.3000002
"599",599,"moderate trade",3,5,9.30000019
"600",600,"moderate trade declining",3,5,8.69999981
"601",601,"moderate trade decreasing",3,5,8.69999981
"602",602,"moderate trade gales",3,5,9.30000019
"603",603,"moderate trade wind",3,5,9.30000019
"604",604,"moderate trade winds",3,5,9.30000019
"605",605,"moderate trades",3,5,9.30000019
"606",606,"moderate variable breeze",2,4,6.69999981
"607",607,"moderate variable breezes",2,4,6.69999981
"608",608,"moderate variable trade",3,5,9.30000019
"609",609,"moderate variable winds",2,4,6.69999981
"610",610,"moderate weather",8,NA,NA
"611",611,"moderate wind",2,4,6.69999981
"612",612,"moderate winds",2,4,6.69999981
"613",613,"moderate winds decreasing",2,4,6.0999999
"614",614,"moderate winds increasing",2,4,7.30000019
"615",615,"moderated",2,4,6.69999981
"616",616,"moderating",2,4,6.69999981
"617",617,"monsoon",3,5,9.30000019
"618",618,"more favourable",8,NA,NA
"619",619,"more fresh",3,5,9.30000019
"620",620,"more hurricane of wind",4,12,35
"621",621,"more moderate",2,4,6.69999981
"622",622,"more moderate gale",3,7,15.3999996
"623",623,"more moderate inclining to calm",1,1,1
"624",624,"more moderate trade",3,5,9.30000019
"625",625,"more moderate variable winds",2,4,6.69999981
"626",626,"more moderate weather",8,NA,NA
"627",627,"more pleasant breeze",2,4,6.69999981
"628",628,"more regular",8,NA,NA
"629",629,"more settled",8,NA,NA
"630",630,"more settled weather",8,NA,NA
"631",631,"more steady",8,NA,NA
"632",632,"more wind",8,NA,NA
"633",633,"more winds",8,NA,NA
"634",634,"much abated",8,NA,NA
"635",635,"much wind",8,NA,NA
"636",636,"much wind and squally",8,NA,NA
"637",637,"much winds",8,NA,NA
"638",638,"much winds and squally",8,NA,NA
"639",639,"nearly calm",1,0,0.100000001
"640",640,"nearly calm increasing",1,0,0.100000001
"641",641,"not much wind",8,NA,NA
"642",642,"not so much wind",8,NA,NA
"643",643,"passing squalls",8,NA,NA
"644",644,"perpetual very hard squalls",8,NA,NA
"645",645,"pleasant",2,4,6.69999981
"646",646,"pleasant breeze",2,4,6.69999981
"647",647,"pleasant breeze declining",2,4,6.0999999
"648",648,"pleasant breeze decreasing",2,4,6.0999999
"649",649,"pleasant breeze increasing",2,4,7.30000019
"650",650,"pleasant breezes",2,4,6.69999981
"651",651,"pleasant breezes decreasing",2,4,6.0999999
"652",652,"pleasant breezes increasing",2,4,7.30000019
"653",653,"pleasant brisk gale",3,6,12.3000002
"654",654,"pleasant brisk trade",3,5,9.30000019
"655",655,"pleasant decreasing gale",3,5,8.69999981
"656",656,"pleasant fair breezes",2,4,6.69999981
"657",657,"pleasant fresh breeze",3,5,9.30000019
"658",658,"pleasant fresh breezes",3,5,9.30000019
"659",659,"pleasant fresh gales",4,8,18.1000004
"660",660,"pleasant fresh trade",3,6,12.3000002
"661",661,"pleasant fresh winds",3,6,12.3000002
"662",662,"pleasant gale",3,5,9.30000019
"663",663,"pleasant gale decreasing",3,5,8.69999981
"664",664,"pleasant gale increasing",3,5,10
"665",665,"pleasant gales",3,5,9.30000019
"666",666,"pleasant gales decreasing",3,5,8.69999981
"667",667,"pleasant gales increasing",3,5,10
"668",668,"pleasant increasing breeze",2,4,7.30000019
"669",669,"pleasant increasing gale",3,5,10
"670",670,"pleasant increasing trade",3,5,10
"671",671,"pleasant land and sea winds",8,NA,NA
"672",672,"pleasant land breezes",8,NA,NA
"673",673,"pleasant light breezes",2,3,4.5999999
"674",674,"pleasant light gale",2,4,6.69999981
"675",675,"pleasant light steady gale",2,4,6.69999981
"676",676,"pleasant light trade",2,4,6.69999981
"677",677,"pleasant light winds",2,3,4.5999999
"678",678,"pleasant mild breeze",2,4,6.69999981
"679",679,"pleasant mild trade",3,5,9.30000019
"680",680,"pleasant moderate gale",3,6,12.3000002
"681",681,"pleasant moderate trade",3,5,9.30000019
"682",682,"pleasant monsoon",3,5,9.30000019
"683",683,"pleasant monsoon fair",3,5,9.30000019
"684",684,"pleasant steady breeze",3,5,8.69999981
"685",685,"pleasant steady breezes",3,5,8.69999981
"686",686,"pleasant steady fresh breezes",3,5,9.30000019
"687",687,"pleasant steady fresh trade",3,6,12.3000002
"688",688,"pleasant steady gale",3,6,11.6000004
"689",689,"pleasant steady gales",3,6,11.6000004
"690",690,"pleasant steady trade",3,6,11.6000004
"691",691,"pleasant topgallant gales",3,5,9.30000019
"692",692,"pleasant trade",3,5,9.30000019
"693",693,"pleasant trade breezes",3,5,9.30000019
"694",694,"pleasant trade decreasing",3,5,8.69999981
"695",695,"pleasant trade gales",3,5,9.30000019
"696",696,"pleasant trade increasing",3,5,10
"697",697,"pleasant trade wind",3,5,9.30000019
"698",698,"pleasant trade winds",3,5,9.30000019
"699",699,"pleasant trades",3,5,9.30000019
"700",700,"pleasant trading gales",3,5,9.30000019
"701",701,"pleasant variable breezes",2,4,6.69999981
"702",702,"pleasant variable trade",3,5,9.30000019
"703",703,"pleasant very scant trade",2,3,4
"704",704,"pleasant wind",2,4,6.69999981
"705",705,"pleasant winds",2,4,6.69999981
"706",706,"pleasant winds increasing",2,4,7.30000019
"707",707,"pretty breezes",2,4,6.69999981
"708",708,"pretty fresh gales",4,8,19
"709",709,"pretty hard gale",4,9,22.6000004
"710",710,"pretty moderate",2,4,6.69999981
"711",711,"prodigious hard gales",4,9,23.5
"712",712,"quite calm",1,1,1
"713",713,"quite unsettled",8,NA,NA
"714",714,"rather moderate",2,4,6.69999981
"715",715,"rather unsettled",8,NA,NA
"716",716,"regular fresh breeze",3,5,9.30000019
"717",717,"regular increasing breeze",2,4,7.30000019
"718",718,"samey",8,NA,NA
"719",719,"scant",1,1,1
"720",720,"scant trade",2,3,4.5999999
"721",721,"scant trade wind",2,3,4.5999999
"722",722,"scant wind",1,1,1
"723",723,"sea & land winds standing for the land",8,NA,NA
"724",724,"sea and land winds",8,NA,NA
"725",725,"sea breeze",8,NA,NA
"726",726,"settled",8,NA,NA
"727",727,"settled breeze",2,4,6.69999981
"728",728,"settled gale",3,7,15.3999996
"729",729,"settled pleasant gale",3,5,9.30000019
"730",730,"settled pleasant trade",3,5,9.30000019
"731",731,"settled steady wind",3,5,9.30000019
"732",732,"settled trade",3,5,9.30000019
"733",733,"settled weather",8,NA,NA
"734",734,"settled winds",2,4,6.69999981
"735",735,"several squalls",8,NA,NA
"736",736,"severe gale",4,10,26.7999992
"737",737,"severe squalls",8,NA,NA
"738",738,"severe storm",4,10,26.7999992
"739",739,"sharp squalls",8,NA,NA
"740",740,"shifting winds",8,NA,NA
"741",741,"slight breeze",2,2,2.5999999
"742",742,"slight squalls",8,NA,NA
"743",743,"small air",1,1,1
"744",744,"small air of wind",1,1,1
"745",745,"small airs",1,1,1
"746",746,"small breeze",2,2,2.5999999
"747",747,"small breezes",2,2,2.5999999
"748",748,"small gales",2,3,4.5999999
"749",749,"small squalls",8,NA,NA
"750",750,"smart gale",3,5,9.30000019
"751",751,"smart gales",3,5,9.30000019
"752",752,"smart squalls",8,NA,NA
"753",753,"some light squalls",8,NA,NA
"754",754,"some squalls",8,NA,NA
"755",755,"sometimes squally",8,NA,NA
"756",756,"somewhat moderate",2,4,6.0999999
"757",757,"sprung up a breeze",8,NA,NA
"758",758,"squall",8,NA,NA
"759",759,"squall of wind",8,NA,NA
"760",760,"squalls",8,NA,NA
"761",761,"squalls blew very heavy",8,NA,NA
"762",762,"squalls not so hard",8,NA,NA
"763",763,"squalls of wind",8,NA,NA
"764",764,"squally",8,NA,NA
"765",765,"squally at times",8,NA,NA
"766",766,"squally trade",8,NA,NA
"767",767,"squally uncertain weather",8,NA,NA
"768",768,"squally unsettled weather",8,NA,NA
"769",769,"squally variable",8,NA,NA
"770",770,"squally weather",8,NA,NA
"771",771,"stark calm",1,0,0
"772",772,"stationary",8,NA,NA
"773",773,"steady",8,NA,NA
"774",774,"steady breeze",3,5,9.30000019
"775",775,"steady breeze increasing",3,5,10
"776",776,"steady breezes",3,5,9.30000019
"777",777,"steady breezes decreasing",3,5,8.69999981
"778",778,"steady breezes increasing",3,5,10
"779",779,"steady brisk gale",3,6,12.3000002
"780",780,"steady brisk gales",3,6,12.3000002
"781",781,"steady brisk trade",3,5,9.30000019
"782",782,"steady decreasing breezes",3,5,8.69999981
"783",783,"steady easy gale",2,3,4.5999999
"784",784,"steady fine breeze",3,5,9.30000019
"785",785,"steady fresh breeze",3,5,9.30000019
"786",786,"steady fresh breezes",3,5,9.30000019
"787",787,"steady fresh breezes increasing",3,5,10
"788",788,"steady fresh gale",4,8,19
"789",789,"steady fresh gales",4,8,19
"790",790,"steady fresh trade",3,6,12.3000002
"791",791,"steady gale",3,6,12.3000002
"792",792,"steady gale abating",3,6,11.6000004
"793",793,"steady gale decreasing",3,6,11.6000004
"794",794,"steady gale increasing",3,6,13.1000004
"795",795,"steady gales",3,6,12.3000002
"796",796,"steady gales increasing",3,6,13.1000004
"797",797,"steady gentle breeze",2,3,4.5999999
"798",798,"steady gentle gale",2,3,4.5999999
"799",799,"steady gentle gales",2,3,4.5999999
"800",800,"steady increasing breeze",3,5,10
"801",801,"steady increasing gale",3,6,13.1000004
"802",802,"steady light breeze increasing",2,2,2.9000001
"803",803,"steady light breezes",2,2,2.5999999
"804",804,"steady light gale",2,3,4.5999999
"805",805,"steady light trade",2,4,6.69999981
"806",806,"steady moderate breeze",2,4,6.69999981
"807",807,"steady moderate breezes",2,4,6.69999981
"808",808,"steady moderate gale",3,7,15.3999996
"809",809,"steady moderate gales",3,7,15.3999996
"810",810,"steady moderate trade",3,5,9.30000019
"811",811,"steady monsoon",3,5,9.30000019
"812",812,"steady pleasant breezes",2,4,6.69999981
"813",813,"steady pleasant gale",3,5,9.30000019
"814",814,"steady pleasant gales",3,5,9.30000019
"815",815,"steady pleasant monsoon",3,5,9.30000019
"816",816,"steady pleasant trade",3,5,9.30000019
"817",817,"steady regular breeze",8,NA,NA
"818",818,"steady regular winds",8,NA,NA
"819",819,"steady scant trade",2,3,4.5999999
"820",820,"steady sea breeze",8,NA,NA
"821",821,"steady strong gales",4,9,22.6000004
"822",822,"steady trade",3,6,12.3000002
"823",823,"steady trade wind",3,6,12.3000002
"824",824,"steady trading gale",3,6,12.3000002
"825",825,"steady trading wind",2,4,6.69999981
"826",826,"steady wind",8,NA,NA
"827",827,"steady winds",8,NA,NA
"828",828,"stiff breeze",8,NA,NA
"829",829,"stiff breezes",8,NA,NA
"830",830,"stiff gale",4,9,22.6000004
"831",831,"stiff gales",4,9,22.6000004
"832",832,"storm",4,11,30.8999996
"833",833,"storm of wind",8,NA,NA
"834",834,"stormy",8,NA,NA
"835",835,"stormy trade",3,7,15.3999996
"836",836,"stormy weather",8,NA,NA
"837",837,"stout gales",8,NA,NA
"838",838,"stout trade",3,7,15.3999996
"839",839,"strong",8,NA,NA
"840",840,"strong breeze",3,6,12.3000002
"841",841,"strong breezes",3,6,12.3000002
"842",842,"strong breezes declining",3,6,11.6000004
"843",843,"strong breezes decreasing",3,6,11.6000004
"844",844,"strong breezes increasing",3,6,13.1000004
"845",845,"strong breezes moderating",3,6,11.6000004
"846",846,"strong breezes squalls",3,6,12.3000002
"847",847,"strong fresh gale",4,8,19.7999992
"848",848,"strong fresh gales",4,8,19.7999992
"849",849,"strong gale",4,9,22.6000004
"850",850,"strong gale decreasing",4,9,21.7000008
"851",851,"strong gale increasing",4,9,23.5
"852",852,"strong gale moderating",4,9,21.7000008
"853",853,"strong gales",4,9,22.6000004
"854",854,"strong gales abating",4,9,21.7000008
"855",855,"strong gales decreasing",4,9,21.7000008
"856",856,"strong gales dying away",4,9,21.7000008
"857",857,"strong gales heavy squalls",4,9,22.6000004
"858",858,"strong gales increasing",4,9,23.5
"859",859,"strong gales moderating",4,9,21.7000008
"860",860,"strong gales variable",4,9,22.6000004
"861",861,"strong gusts of wind",8,NA,NA
"862",862,"strong increasing breeze",2,4,7.30000019
"863",863,"strong increasing gale",3,7,16.2999992
"864",864,"strong increasing gales",3,7,16.2999992
"865",865,"strong increasing winds",2,4,7.30000019
"866",866,"strong monsoon",3,7,16.2999992
"867",867,"strong pleasant breezes",2,4,7.30000019
"868",868,"strong pleasant trade",3,5,10
"869",869,"strong squalls",8,NA,NA
"870",870,"strong steady gale",3,6,13.1000004
"871",871,"strong steady gales",3,6,13.1000004
"872",872,"strong trade",3,7,16.2999992
"873",873,"strong trades",3,7,16.2999992
"874",874,"strong variable breezes",8,NA,NA
"875",875,"strong variable winds",8,NA,NA
"876",876,"strong wind",4,8,19
"877",877,"strong winds",4,8,19
"878",878,"strong winds decreasing",4,8,18.1000004
"879",879,"strong winds gradually moderating",4,8,18.1000004
"880",880,"stronger winds",8,NA,NA
"881",881,"thick squally",8,NA,NA
"882",882,"too little wind",1,1,1
"883",883,"trade",3,5,9.30000019
"884",884,"trade freshening",3,5,10
"885",885,"trade light",2,4,6.69999981
"886",886,"trade moderate",3,5,9.30000019
"887",887,"trade more favourable",3,5,9.30000019
"888",888,"trade variable",3,5,9.30000019
"889",889,"trade very scant",2,3,4
"890",890,"trade very unsettled",2,4,6.69999981
"891",891,"trade very variable",2,4,6.69999981
"892",892,"trade wind",3,5,9.30000019
"893",893,"tremendous hard gales",4,10,27.3999996
"894",894,"triffling winds",8,NA,NA
"895",895,"uncertain",8,NA,NA
"896",896,"uncertain squally",8,NA,NA
"897",897,"unconstant winds",8,NA,NA
"898",898,"unfavorable",8,NA,NA
"899",899,"unsettled",8,NA,NA
"900",900,"unsettled light winds",2,2,2.5999999
"901",901,"unsettled squally",8,NA,NA
"902",902,"unsettled squally weather",8,NA,NA
"903",903,"unsettled trade",3,5,9.30000019
"904",904,"unsettled trade blowing very strong",3,7,16.2999992
"905",905,"unsettled weather",8,NA,NA
"906",906,"unsettled wind",8,NA,NA
"907",907,"unsettled winds",8,NA,NA
"908",908,"unsteady",8,NA,NA
"909",909,"unsteady breeze",8,NA,NA
"910",910,"unsteady breezes",8,NA,NA
"911",911,"unsteady trade",3,5,9.30000019
"912",912,"unsteady winds",8,NA,NA
"913",913,"variabel squally",8,NA,NA
"914",914,"variable",8,NA,NA
"915",915,"variable airs",8,NA,NA
"916",916,"variable breeze",8,NA,NA
"917",917,"variable breezes",8,NA,NA
"918",918,"variable breezes decreasing",8,NA,NA
"919",919,"variable fresh gales",4,8,19
"920",920,"variable gales",8,NA,NA
"921",921,"variable hard squalls",8,NA,NA
"922",922,"variable increasing",8,NA,NA
"923",923,"variable land sea breezes",8,NA,NA
"924",924,"variable light airs",1,1,1
"925",925,"variable light breeze",2,2,2.5999999
"926",926,"variable light breezes",2,2,2.5999999
"927",927,"variable light squalls",8,NA,NA
"928",928,"variable light trade",2,4,6.69999981
"929",929,"variable light winds",2,2,2.5999999
"930",930,"variable light winds increasing",2,2,2.9000001
"931",931,"variable moderate breezes",2,4,6.69999981
"932",932,"variable squalls",8,NA,NA
"933",933,"variable squally",8,NA,NA
"934",934,"variable squally weather",8,NA,NA
"935",935,"variable squally winds",8,NA,NA
"936",936,"variable strong breezes",3,6,12.3000002
"937",937,"variable trade",3,5,9.30000019
"938",938,"variable unsettled",8,NA,NA
"939",939,"variable unsettled weather",8,NA,NA
"940",940,"variable unsettled winds",8,NA,NA
"941",941,"variable unsteady weather",8,NA,NA
"942",942,"variable unsteady winds",8,NA,NA
"943",943,"variable weather",8,NA,NA
"944",944,"variable wind",8,NA,NA
"945",945,"variable winds",8,NA,NA
"946",946,"variable winds decreasing",8,NA,NA
"947",947,"variable winds increasing",8,NA,NA
"948",948,"varied",8,NA,NA
"949",949,"varying very little",8,NA,NA
"950",950,"very brisk gales",3,6,13.1000004
"951",951,"very cross winds",8,NA,NA
"952",952,"very faint breezes",2,2,2
"953",953,"very fiery",8,NA,NA
"954",954,"very fine breezes",3,5,8.69999981
"955",955,"very fine steady trade",3,6,12.3000002
"956",956,"very frequent smart squalls",8,NA,NA
"957",957,"very fresh",8,NA,NA
"958",958,"very fresh gale",4,8,19.7999992
"959",959,"very fresh gale frequent squalls",4,8,19.7999992
"960",960,"very fresh gales",4,8,19.7999992
"961",961,"very fresh settled trade",3,6,12.3000002
"962",962,"very fresh trade",3,6,13.1000004
"963",963,"very gentle breezes",2,3,4.5999999
"964",964,"very great gales",4,9,22.6000004
"965",965,"very hard",8,NA,NA
"966",966,"very hard gale",4,10,27.3999996
"967",967,"very hard gale abated",4,10,26.7999992
"968",968,"very hard gale of wind",4,10,27.3999996
"969",969,"very hard gales",4,10,27.3999996
"970",970,"very hard gales of wind",4,10,27.3999996
"971",971,"very hard squall",8,NA,NA
"972",972,"very hard squalls",8,NA,NA
"973",973,"very hard with heavy squalls",8,NA,NA
"974",974,"very heavy gale",4,9,23.5
"975",975,"very heavy gales",4,9,23.5
"976",976,"very heavy squall",8,NA,NA
"977",977,"very heavy squalls",8,NA,NA
"978",978,"very light",8,NA,NA
"979",979,"very light airs",1,1,0.600000024
"980",980,"very light breeze",2,2,2
"981",981,"very light breezes",2,2,2
"982",982,"very light trade",2,4,6.0999999
"983",983,"very light variable airs",8,NA,NA
"984",984,"very light winds",2,2,2
"985",985,"very little wind",2,2,2
"986",986,"very moderate",2,4,6.0999999
"987",987,"very moderate trade",3,5,9.30000019
"988",988,"very pleasant easy gale",2,3,4.5999999
"989",989,"very pleasant trade",3,5,9.30000019
"990",990,"very pleasant winds",2,4,6.69999981
"991",991,"very scant",1,1,1
"992",992,"very scant pleasant trade",3,5,8.69999981
"993",993,"very severe squalls",8,NA,NA
"994",994,"very squally",8,NA,NA
"995",995,"very stormy trade",4,10,26.7999992
"996",996,"very strong",8,NA,NA
"997",997,"very strong gale",4,10,26.7999992
"998",998,"very strong gales",4,10,26.7999992
"999",999,"very strong squalls",8,NA,NA
"1000",1000,"very strong trade",3,7,16.2999992
"1001",1001,"very strong wind",4,8,19.7999992
"1002",1002,"very strong winds",4,8,19.7999992
"1003",1003,"very tempestuous",4,11,31.6000004
"1004",1004,"very uncertain",8,NA,NA
"1005",1005,"very uncertain squally weather",8,NA,NA
"1006",1006,"very unsettled",8,NA,NA
"1007",1007,"very unsettled frequent squalls",8,NA,NA
"1008",1008,"very unsettled weather",8,NA,NA
"1009",1009,"very unsettled winds",8,NA,NA
"1010",1010,"very variable",8,NA,NA
"1011",1011,"violent burst of wind",8,NA,NA
"1012",1012,"violent bursts of wind",8,NA,NA
"1013",1013,"violent gale",4,9,22.6000004
"1014",1014,"violent gale of wind",4,9,22.6000004
"1015",1015,"violent gales",4,9,22.6000004
"1016",1016,"violent hard gales",4,10,27.3999996
"1017",1017,"violent hard gusts",8,NA,NA
"1018",1018,"violent hard squalls",8,NA,NA
"1019",1019,"violent squalls",8,NA,NA
"1020",1020,"violent storm",4,11,30.8999996
"1021",1021,"violent tornado",8,NA,NA
"1022",1022,"wind",8,NA,NA
"1023",1023,"wind abated",8,NA,NA
"1024",1024,"wind abating",8,NA,NA
"1025",1025,"wind declined",8,NA,NA
"1026",1026,"wind decreased",8,NA,NA
"1027",1027,"wind decreasing",8,NA,NA
"1028",1028,"wind dying away",8,NA,NA
"1029",1029,"wind freshened up",8,NA,NA
"1030",1030,"wind freshening",8,NA,NA
"1031",1031,"wind less",8,NA,NA
"1032",1032,"wind light",2,2,2.5999999
"1033",1033,"wind rising",8,NA,NA
"1034",1034,"wind settled",8,NA,NA
"1035",1035,"wind variable",8,NA,NA
"1036",1036,"winds abated",8,NA,NA
"1037",1037,"winds all around",8,NA,NA
"1038",1038,"winds increasing",8,NA,NA
"1039",1039,"winds light",2,2,2.5999999
"1040",1040,"winds variable",8,NA,NA
