"","ShipLogbookID.ID","ShipLogbookID.ShipName","ShipLogbookID.LogbookIdent","ShipLogbookID.Duplicate"
"1",1,"Abel Tasman","MAR_D23905_1164",0
"2",2,"Acasta","NMM RUSI/NM/180/6",0
"3",3,"Acasta","NMM RUSI/NM/180/9",0
"4",4,"Active","NMM ADM/L/A16",0
"5",5,"Active","NMM ADM/L/A17",0
"6",6,"Active","NMM ADM/L/A19",0
"7",7,"Active","PRO ADM 51/3748",0
"8",8,"Adamant","NMM ADM/L/A22",0
"9",9,"Adamant","NMM ADM/L/A23",0
"10",10,"Adder","MAR_D23905_20",0
"11",11,"Admiraal de Ruyter","VOC_152_11420",0
"12",12,"Admiraal Evertsen","A2419(1)_1-300",0
"13",13,"Admiraal Jan Evertsen","Extract P, Reis 9a, p.110-118",0
"14",14,"Admiraal Jan Evertsen","Extract P, Reis 9d, p.138-145",0
"15",15,"Admiraal Jan Evertsen","Extract P, Reis 9e, p.147-154",0
"16",16,"Admiraal Jan Evertsen","Extract P, Reis 9f, p.155-162",0
"17",17,"Admiraal Jan Evertsen","Extract P, Reis 9g, p.164-172",0
"18",18,"Admiral Pocock","BL L/MAR/B/498B",0
"19",19,"Admiral Pocock","BL L/MAR/B/498G",0
"20",20,"Admiral Pocock","BL L/MAR/B/498H",0
"21",21,"Admiral Vernon","BL L/MAR/B/623C",0
"22",22,"Adventure","NMM ADM/L/A33",0
"23",23,"Adventure","PRO ADM 51/4104",0
"24",24,"Aeolus","NMM ADM/L/A45",0
"25",25,"Aeolus","NMM ADM/L/E57",0
"26",26,"Africa","NMM ADM/L/A45",0
"27",27,"Africa","NMM ADM/L/A48",0
"28",28,"Africa","VOC_152_5055",0
"29",29,"Africaensche Galey","MCC_20_204",0
"30",30,"Agatha","GAD_156_1",0
"31",31,"Ajax","MAR_D23905_30",0
"32",32,"Ajax","MAR_D23905_31",0
"33",33,"Ajax","MAR_D23905_32",0
"34",34,"Ajax","MAR_D23905_39",0
"35",35,"Ajax","MAR_D23905_40",0
"36",36,"Ajax","NMM ADM/L/A56",0
"37",37,"Akerendam","VOC_152_5130",0
"38",38,"Alarm","NMM ADM/L/A60",0
"39",39,"Alarm","NMM ADM/L/A62",0
"40",40,"Albatross","NMM ADM/L/A67",0
"41",41,"Albatross","NMM ADM/L/A68",0
"42",42,"Albemarle","NMM ADM/L/A72",0
"43",43,"Alborough","NMM ADM/L/A82",0
"44",44,"Albrecht Beijling","Extract H, Reis 6, p.126-149",0
"45",45,"Albrecht Beijling","Extract V, Reis 17, p.150-169",0
"46",46,"Albrecht Beijling","Extract H, Reis 6, p.126-149",1
"47",47,"Alderney","NMM ADM/L/A90",0
"48",48,"Alert","NMM ADM/L/A259B",0
"49",49,"Alfred","BL L/MAR/B/140F",0
"50",50,"Alfred","BL L/MAR/B/140G",0
"51",51,"Alfred","BL L/MAR/B/140H",0
"52",52,"Algiers","MAR_D23905_59",0
"53",53,"Algiers","MAR_D23905_60",0
"54",54,"Alkemade","FAM_1224_132",0
"55",55,"Allarm","ADM_177_2414",0
"56",56,"Alligator","NMM ADM/L/A261",0
"57",57,"Amazon","NMM ADM/L/A106",0
"58",58,"Amazon","NMM ADM/L/A262",0
"59",59,"Amazone","ADM_193_78",0
"60",60,"Amazone","FAM_1192_174",0
"61",61,"Ambarawa","Extract M, Reis 1, p.2",0
"62",62,"Ambon","MAR_D23905_90",0
"63",63,"Ambuscade","NMM ADM/L/A111",0
"64",64,"Amicitia","Extract T, Reis 20, p.184-191",0
"65",65,"Amicitia","Extract T, Reis 22, p.221-229",0
"66",66,"Amphion","NMM ADM/L/A120",0
"67",67,"Amphitrite","Extract O, Reis 19, p.179-195",0
"68",68,"Amphitrite","MAR_D23905_99",0
"69",69,"Amphitrite","NMM ADM/L/A123",0
"70",70,"Amstel","Extract 17+, Reis 21",0
"71",71,"Amstel","Extract O, Reis 21, p.204-213",0
"72",72,"Amstel","Extract T, Reis 26, p.272-279",0
"73",73,"Amsterdam","Extract E, Reis 7, p.67-86",0
"74",74,"Amsterdam","MAR_D23905_145",0
"75",75,"Amsterdam","MAR_D23905_146",0
"76",76,"Amsterdam","MAR_D23905_148",0
"77",77,"Amsterdam","Extract E, Reis 7, p.67-86",1
"78",78,"ANDALUZ","MS. 232",0
"79",79,"Andromache","NMM ADM/L/A264",0
"80",80,"Andromeda","NMM ADM/L/A126",0
"81",81,"Anna","D-IV_HAZE",0
"82",82,"Anna","Extract O, Reis 6, p.28a-32a",0
"83",83,"Anna","Extract V, Reis 22, p.237-241",0
"84",84,"Antelope","NMM ADM/L/A143",0
"85",85,"Antelope","NMM ADM/L/A147",0
"86",86,"Antelope","NMM ADM/L/A148",0
"87",87,"Anthony","Extract B, Reis 17",0
"88",88,"Anthony","Extract B, Reis 19, p.274-277",0
"89",89,"Anthony","Extract B, Reis 19, p.278-281",0
"90",90,"Anthony","Extract C, Reis 12, p.179-187",0
"91",91,"Anthony","Extract C, Reis 8, p.115-142",0
"92",92,"Anthony","Extract D, Reis 2, p.44-83",0
"93",93,"Anthony","Extract W, Reis 12, p.96-98",0
"94",94,"Anthony","Extract W, Reis 23, p.183-192",0
"95",95,"Anthony","Extract W, Reis 23, p.193-200",0
"96",96,"Aquilon","NMM ADM/L/A155",0
"97",97,"Arend","ADM_177_1189",0
"98",98,"Arend","ADM_177_1220",0
"99",99,"Arend","FAM_1225_16",0
"100",100,"Arend","MAR_D23318_127",0
"101",101,"Arend","MAR_D23905_201",0
"102",102,"Arend","MAR_D23905_202",0
"103",103,"Arend","MAR_D23905_203",0
"104",104,"Arend","MAR_D23905_206",0
"105",105,"Arethusa","NMM ADM/L/A82",0
"106",106,"Argo","Extract T, Reis 5a, p.44-48",0
"107",107,"Argo","Extract T, Reis 5b, p.49-53",0
"108",108,"Argo","MAR_D23905_214",0
"109",109,"Argo","MAR_D23905_215",0
"110",110,"Argo","NMM ADM/L/A168",0
"111",111,"Argo","NMM ADM/L/A169",0
"112",112,"Argo","NMM ADM/L/A170",0
"113",113,"Argo","Extract T, Reis 5a, p.44-48",1
"114",114,"Argo","Extract T, Reis 5b, p.49-53",1
"115",115,"Ariel","NMM ADM/L/A183",0
"116",116,"Aruba","MAR_D23905_243",0
"117",117,"Arundel","NMM ADM/L/A193",0
"118",118,"Asia","BL L/MAR/B/24F",0
"119",119,"Asia","BL L/MAR/B/24G",0
"120",120,"Asia","NMM ADM/L/A195",0
"121",121,"Asia","NMM ADM/L/A196",0
"122",122,"Asia","NMM ADM/L/A266",0
"123",123,"Asia","NMM ADM/L/A914",0
"124",124,"Assistance","NMM ADM/L/A207",0
"125",125,"Assistance","NMM ADM/L/A209",0
"126",126,"Assurance","NMM ADM/L/A217",0
"127",127,"Assurance","NMM ADM/L/A266",0
"128",128,"ASTUTO","MS. 925",0
"129",129,"ASTUTO","MS. 924",1
"130",130,"ASTUTO","MS. 941",2
"131",131,"ASTUTO","MS. 1541",3
"132",132,"ASTUTO","MS. 2226",4
"133",133,"ASTUTO","MS. 923",5
"134",134,"ASTUTO","MS. 926",6
"135",135,"ASTUTO","MS. 925",7
"136",136,"ASTUTO","MS. 940",8
"137",137,"ASUNCIÓN","MS. 166_005",0
"138",138,"Atalanta","NMM ADM/L/A220",0
"139",139,"Atalanta","NMM ADM/L/A221",0
"140",140,"Atalante","MAR_D23318_88",0
"141",141,"Atalante","MAR_D23905_261",0
"142",142,"Atlas","BL L/MAR/B/27C",0
"143",143,"ATREVIDA Y DESCUBIERTA","MS. 272 DOC 16",0
"144",144,"Attelante","FAM_C22253_10",0
"145",145,"AUDAZ","1177 (40).1",0
"146",146,"Augusta","BL L/MAR/B/629D",0
"147",147,"Auguste","FAM_C22253_13",0
"148",148,"Aurora","BL L/MAR/B/228A",0
"149",149,"Aurora","Extract C, Reis 16, p.198-209",0
"150",150,"Aurora","NMM ADM/L/A237",0
"151",151,"Azia","Extract T, Reis 21a, p.192-202",0
"152",152,"Azia","Extract T, Reis 21b, p.203-210",0
"153",153,"Azia","Extract T, Reis 21c, p.211-220",0
"154",154,"Badger","NMM ADM/L/B3",0
"155",155,"Baleine","NMM ADM/L/B6",0
"156",156,"Banka","MAR_D23905_435",0
"157",157,"Batavia","Extract B, Reis 15, p.241",0
"158",158,"Batavia","Extract B, Reis 20",0
"159",159,"Batavia","Extract C, Reis 11, p.169-179",0
"160",160,"Batavia","Extract C, Reis 20, p.250-257",0
"161",161,"Batavia","Extract C, Reis 7, p.106-114",0
"162",162,"Batavia","Extract D, Reis 3",0
"163",163,"Batavia","Extract L, Reis 3",0
"164",164,"Batavia","MAR_D23905_439",0
"165",165,"Bato","MAR_D23318_114",0
"166",166,"Beaver","NMM ADM/L/B30",0
"167",167,"Beaver","NMM ADM/L/B31",0
"168",168,"Beaver","NMM ADM/L/B33",0
"169",169,"Belle Isle","NMM ADM/L/B54",0
"170",170,"Belleisle","NMM ADM/L/B52",0
"171",171,"Bellette","PRO ADM/51/3067",0
"172",172,"Bellona","ADM_177_1204A",0
"173",173,"Bellona","BL L/MAR/B/353A",0
"174",174,"Bellona","BL L/MAR/B/353B",0
"175",175,"Bellona","BL L/MAR/B/353C",0
"176",176,"Bellona","Extract 17+, Reis 19",0
"177",177,"Bellona","Extract T, Reis 17a, p.145-149",0
"178",178,"Bellona","Extract T, Reis 17b, p.150-153",0
"179",179,"Bellona","MAR_D23905_490",0
"180",180,"Bellona","MAR_D23905_492",0
"181",181,"Bellona","MMR_WAE188",0
"182",182,"Bellona","Extract 17+, Reis 19",1
"183",183,"Bellona","Extract T, Reis 17a, p.145-149",1
"184",184,"Bellona","Extract T, Reis 17b, p.150-153",1
"185",185,"Bellona","Extract 17+, Reis 19",2
"186",186,"Bellone","MAR_D23318_37",0
"187",187,"Belmont","BL L/MAR/B/444D",0
"188",188,"Bittern","NMM ADM/L/B94",0
"189",189,"Blanche","NMM ADM/L/B97",0
"190",190,"Blandford","NMM ADM/L/B103",0
"191",191,"Blonde","NMM ADM/L/B116",0
"192",192,"Boreas","ADM_193_16",0
"193",193,"Boreas","Extract T, Reis 13a, p.108-112",0
"194",194,"Boreas","Extract T, Reis 13b, p.113-117",0
"195",195,"Boreas","Extract T, Reis 16a, p.135-140",0
"196",196,"Boreas","Extract T, Reis 16b, p.141-144",0
"197",197,"Boreas","Extract V, Reis 6, p.48-52",0
"198",198,"Boreas","Extract V, Reis 8, p.66-71",0
"199",199,"Boreas","NMM ADM/L/B134",0
"200",200,"Boreas","NMM ADM/L/B136",0
"201",201,"Boreas","Extract X, Reis 5, p.I-7-10",0
"202",202,"Boreas","Extract X, Reis 7, p.I-13-17",1
"203",203,"Borssele","VOC_152_11421",0
"204",204,"Bos en Hoven","VOC_152_5130",0
"205",205,"Boston","NMM ADM/L/B138",0
"206",206,"Botland","GAA_Bibliotheek_M951_59",0
"207",207,"Boyne","NMM ADM/L/B149",0
"208",208,"Braave","MAR_D23318_33",0
"209",209,"Brak","ADM_177_1196",0
"210",210,"Bridgewater","BL L/MAR/B/42I",0
"211",211,"Bristol","NMM ADM/L/B125B",0
"212",212,"Britannia","BL L/MAR/B/285CCC",0
"213",213,"Broederslust","MMR_H692",0
"214",214,"Bromo","Extract V, Reis 2, p.8-12",0
"215",215,"Bromo","Extract V, Reis 3a, p.13-16",0
"216",216,"Bromo","Extract V, Reis 3b, p.17-21",0
"217",217,"Brune","NMM ADM/L/B94",0
"218",218,"Brune","PRO ADM 51/140",0
"219",219,"Brutus","MAR_D23318_93",0
"220",220,"Buckingham","NMM ADM/L/B195",0
"221",221,"BUEN CONSEJO","MS. 272 DOC 11",0
"222",222,"Buitenzorg","Extract Y, Reis 25, p.234-240",0
"223",223,"Buitenzorg","Extract Y, Reis 31, p.278-280",0
"224",224,"Buitenzorg","Extract Y, Reis 5, p.39-45",0
"225",225,"Bulldog","NMM ADM/L/B200",0
"226",226,"Burford","NMM ADM/L/B212",0
"227",227,"Burford","NMM ADM/L/B214",0
"228",228,"Busbridge","BL L/MAR/B/413A",0
"229",229,"Busbridge","BL L/MAR/B/413B",0
"230",230,"Busbridge","BL L/MAR/B/413C",0
"231",231,"Cadmus","A2419(1)_1-300",0
"232",232,"Calcutta","BL L/MAR/B/308M",0
"233",233,"Calypso","NMM ADM/L/C3",0
"234",234,"Camel","NMM ADM/L/C20",0
"235",235,"Camel","NMM ADM/L/C21",0
"236",236,"Candia","I-37",0
"237",237,"Carcass","NMM ADM/L/C55",0
"238",238,"Caroline","NMM ADM/L/C59",0
"239",239,"Carysfort","NMM ADM/L/C61",0
"240",240,"Carysfort","NMM ADM/L/C62",0
"241",241,"Carysfort","NMM ADM/L/C64",0
"242",242,"Castle Huntley","NMM LOG/C/33",0
"243",243,"Castle Huntley","NMM LOG/C/47",0
"244",244,"Castle Huntley","NMM LOG/C/48",0
"245",245,"Castor","ADM_177_1170",0
"246",246,"Castor","ADM_177_1186",0
"247",247,"Castor","MAR_D23318_40",0
"248",248,"Castor","MAR_D23905_823",0
"249",249,"Castor","Extract T, Reis 9a, p.70-74",1
"250",250,"Castor","Extract T, Reis 9b, p.75-78",1
"251",251,"Catharina","Extract C, Reis 9, p.142-162",0
"252",252,"Catharina Johanna","Extract M, Reis 40, p.184-191",0
"253",253,"Catharina Johanna","Extract P, Reis 3, p.29-39",0
"254",254,"Caton","NMM ADM/L/C276",0
"255",255,"Celebes","Extract C, Reis 3",0
"256",256,"Centaur","NMM ADM/L/C70",0
"257",257,"Centurian","NMM ADM/L/C92",0
"258",258,"Ceres","ADM_177_1198",0
"259",259,"Ceres","ADM_177_1230",0
"260",260,"Ceres","Extract V, Reis 11, p.82-93",0
"261",261,"Ceres","MAR_D23318_164",0
"262",262,"Ceres","NMM HMN/150",0
"263",263,"Champion","NMM ADM/L/C103",0
"264",264,"Charon","NMM ADM/L/C110",0
"265",265,"Charon","NMM ADM/L/C111",0
"266",266,"Chatham","NMM ADM/L/C123",0
"267",267,"Chatham","NMM ADM/L/C124",0
"268",268,"Chatham","NMM ADM/L/C126",0
"269",269,"Cherokee","NMM ADM/L/C284",0
"270",270,"Chesterfield","NMM ADM/L/C137",0
"271",271,"Chesterfield","NMM ADM/L/C138",0
"272",272,"Chichester","NMM ADM/L/C146",0
"273",273,"China","Extract O, Reis 8, p.51-62",0
"274",274,"Christiaan Huijgens","Extract H, Reis 1, p.1-25",0
"275",275,"Christina","MMR_WAE187",0
"276",276,"Claudius Civilis","Extract O, Reis 17, p.159-167",0
"277",277,"Clive","BL L/MAR/B/533A",0
"278",278,"Clive","BL L/MAR/B/533B",0
"279",279,"Clive","BL L/MAR/B/533C",0
"280",280,"Clive","BL L/MAR/B/533D",0
"281",281,"Colchester","BL L/MAR/B/113C",0
"282",282,"Colchester","NMM ADM/L/C165",0
"283",283,"Coldstream","BL L/MAR/B/5C",0
"284",284,"Concorde","NMM ADM/L/C174",0
"285",285,"Conqueror","NMM ADM/L/C179",0
"286",286,"Constellation","ADM_181_IX-3",0
"287",287,"Conway","NMM MLN/101/2",0
"288",288,"Cormorant","NMM ADM/L/C194",0
"289",289,"Cornelia","Extract M, Reis 41, p.193-209",0
"290",290,"Cornelia Sara","Extract T, Reis 27, p.280-284",0
"291",291,"Cortgene","Extract E, Reis 2, p.10-18",0
"292",292,"CORZO","1177 (125).1",0
"293",293,"Coventry","NMM ADM/L/C214",0
"294",294,"Crescent","NMM ADM/L/C219",0
"295",295,"Crocodile","NMM ADM/L/C222",0
"296",296,"Crown","NMM ADM/L/C227",0
"297",297,"Crown","NMM ADM/L/C229",0
"298",298,"Cruizer","NMM ADM/L/C235",0
"299",299,"Cuffnells","NMM LOG/C/12",0
"300",300,"Culloden","NMM ADM/L/C247",0
"301",301,"Cumberland","NMM ADM/L/C257",0
"302",302,"Cumberland","NMM DUD/2",0
"303",303,"Curacao","Extract 1+, Reis 22",0
"304",304,"Curacao","Extract 1+, Reis 22a, p.60",0
"305",305,"Curacao","MAR_D23905_951",0
"306",306,"Curacao","MAR_D23905_952",0
"307",307,"Curacao","MAR_D23905_954",0
"308",308,"Curacao","Extract 1+, Reis 22",1
"309",309,"Curacao","Extract 1+, Reis 22a, p.60",1
"310",310,"Cyclops","NMM ADM/L/C264",0
"311",311,"Cyrene","PRO ADM 51/3092",0
"312",312,"Dadalus","NMM ADM/L/D2",0
"313",313,"Dadalus","NMM ADM/L/D3A",0
"314",314,"Dageraad","MAR_D23905_4899",0
"315",315,"Danae","NMM ADM/L/D4",0
"316",316,"Daphne","NMM ADM/L/D7B",0
"317",317,"De Ruijter","I-048",0
"318",318,"Deal Castle","NMM ADM/L/D26B",0
"319",319,"Decade","NMM ADM/L/D27",0
"320",320,"Dedaigneuse","NMM ADM/L/D29",0
"321",321,"Defence","NMM ADM/L/D31b",0
"322",322,"Delphina","FAM_1130_127",0
"323",323,"Deptford","NMM ADM/L/D76",0
"324",324,"DESCONOCIDO-01","MS. 272 DOC 12",0
"325",325,"DESCONOCIDO-02","MS. 272 DOC 3",0
"326",326,"DESCONOCIDO-03","MS. 272 DOC 8",0
"327",327,"DESCONOCIDO-04","MS. 156 DOC 003",0
"328",328,"DESCONOCIDO-05","DESCONOCIDO-05",0
"329",329,"DESCONOCIDO-06","MS. 128",0
"330",330,"DESCONOCIDO-07","MS. 928",0
"331",331,"DESCONOCIDO-08","MS. 166_005",0
"332",332,"DESCONOCIDO-09","DESCONOCIDO-09",0
"333",333,"DESCONOCIDO-10","MS. 168 (3)",0
"334",334,"DESCONOCIDO-12","MS. 2086",0
"335",335,"DESCONOCIDO-13","MS. 162 (4)",0
"336",336,"DESCONOCIDO-14","MS. 407",0
"337",337,"DESCONOCIDO-14","MS. 407",1
"338",338,"DESCONOCIDO-15","MS. 965",0
"339",339,"DESCONOCIDO-16","MS. 172 (3)",0
"340",340,"DESCONOCIDO-17","MS. 2101",0
"341",341,"DESCONOCIDO-18","MS. 111 DOC 3",0
"342",342,"DESCONOCIDO-18","MS. 111 DOC 3",1
"343",343,"DESCONOCIDO-18","MS. 111 DOC 3",2
"344",344,"DESCONOCIDO-19","MS. 176 DOC24(2)",0
"345",345,"DESCONOCIDO-20","MS. 172 (1)",0
"346",346,"DESCONOCIDO-21","MS. 176/DOC3(3)",0
"347",347,"DESCONOCIDO-22","MS. 172 (1)",0
"348",348,"DESCONOCIDO-23","MS. 922",0
"349",349,"DESCONOCIDO-24","MS. 2235",0
"350",350,"DESCONOCIDO-25","MS. 220",0
"351",351,"DESCONOCIDO-26","MS. 966",0
"352",352,"DESCONOCIDO-27 (RAYO)","MS. 110 DOC 1",0
"353",353,"DESCONOCIDO-28","MS. 110 DOC 2",0
"354",354,"DESCONOCIDO-28","MS. 110 DOC 2",1
"355",355,"DESCONOCIDO-11","MS. 938",0
"356",356,"Diadem","NMM ADM/L/D91",0
"357",357,"Diana","Extract T, Reis 15a, p.128-131",0
"358",358,"Diana","Extract T, Reis 15b, p.132-134",0
"359",359,"Diana","NMM ADM/L/D108",0
"360",360,"Diana","NMM ADM/L/D109",0
"361",361,"Die Gebruder","MMR_H96",0
"362",362,"Diligence","NMM ADM/L/D118",0
"363",363,"Diligence","NMM ADM/L/D119",0
"364",364,"Diligencia","CORREOS, 193A R3",0
"365",365,"Diligencia","CORREOS, 193A R4",0
"366",366,"Diligencia","CORREOS, 193A R5",0
"367",367,"Diligencia","CORREOS, 193A R6",0
"368",368,"Diligencia","CORREOS, 193A R7",0
"369",369,"Diligencia","CORREOS, 195B R10",0
"370",370,"Diligencia","CORREOS, 279B R7",0
"371",371,"DILIGENTE","MS. 1791",0
"372",372,"DILIGENTE","MS. 1794",1
"373",373,"DILIGENTE","MS. 1780",2
"374",374,"DILIGENTE","MS. 2023",3
"375",375,"DILIGENTE","MS. 1797",4
"376",376,"Diomede","NMM ADM/L/D125",0
"377",377,"Diomede","NMM ADM/L/D126",0
"378",378,"Diomede","NMM LOG/N/D/9",0
"379",379,"Doctrina et Amicitia","Extract O, Reis 12, p.101-113",0
"380",380,"Doctrina et Amicitia","Extract O, Reis 15, p131-156",0
"381",381,"Doctrina et Amicitia","Extract 15+, Reis 15, p.1-8",1
"382",382,"Doddington","BL L/MAR/B/619B",0
"383",383,"Dolfijn","MAR_D23905_1069",0
"384",384,"Dolfijn","MAR_D23905_1070",0
"385",385,"Dolphijn","FAM_1225_17",0
"386",386,"Dolphijn","FAM_1225_20",0
"387",387,"Dolphin","PRO ADM/51/4536",0
"388",388,"Dordrecht","MAR_D23318_44",0
"389",389,"Dordrecht","MAR_D23905_1156",0
"390",390,"Dordrecht","MAR_D23905_1157",0
"391",391,"Dordrecht","MAR_D23905_1158",0
"392",392,"Dordrecht","MAR_D23905_1159",0
"393",393,"Dordrecht","MAR_D23905_1160",0
"394",394,"Dordrecht","MAR_D23905_1161",0
"395",395,"Dordregt","ADM_177_1153",0
"396",396,"Dordregt","ADM_177_1158",0
"397",397,"Dortenaar","MMR_H500_501",0
"398",398,"Dover Castle","BL L/MAR/B/232b",0
"399",399,"Dover Castle","BL L/MAR/B/232C",0
"400",400,"Dover Castle","BL L/MAR/B/232D",0
"401",401,"Dover Castle","BL L/MAR/B/232E",0
"402",402,"Dragon","BL L/MAR/B/598B",0
"403",403,"DRAGÓN","MS. 170",0
"404",404,"Drake","NMM ADM/L/D210",0
"405",405,"Dreadnought","NMM ADM/L/D228",0
"406",406,"Dreadnought","NMM ADM/L/D229",0
"407",407,"Dreadnought","NMM ADM/L/D28",0
"408",408,"Dregterlandt","MMR_VOC_H475",0
"409",409,"Drie Gebroeders","Extract T, Reis 1, p.2-11",0
"410",410,"Drie Gesusters","MCC_20_329",0
"411",411,"Drie Gesusters","MCC_20_338",0
"412",412,"Drie Vrienden","Extract M, Reis 33, p.108-116",0
"413",413,"Drie Vrienden","Extract M, Reis 36, p.133-142",0
"414",414,"Drie Vrienden","Extract M, Reis 38, p.151-158",0
"415",415,"Drie Vrienden","Extract O, Reis 1a, p.1a-4a",0
"416",416,"Drie Vrienden","Extract O, Reis 1b, p.5a-8a",0
"417",417,"Dromedary","NMM ADM/L/D238",0
"418",418,"Druid","NMM ADM/L/D239",0
"419",419,"Druid","NMM ADM/L/D242",0
"420",420,"Dublin","NMM ADM/L/D249",0
"421",421,"Duke of Dorset","BL L/MAR/B/612F",0
"422",422,"Duke of Dorset","BL L/MAR/B/614F",0
"423",423,"Dunira","NMM LOG/C/61",0
"424",424,"Dunkirk","NMM ADM/L/D295",0
"425",425,"Eagle","NMM ADM/L/E14",0
"426",426,"Eagle","NMM ADM/L/E57",0
"427",427,"Earl of Mansfield","BL L/MAR/B/530D",0
"428",428,"Earl of Mansfield","BL L/MAR/B/530E",0
"429",429,"Earl of Middlesex","BL L/MAR/B/579A",0
"430",430,"Earl of Middlesex","BL L/MAR/B/579B",0
"431",431,"Earl of Middlesex","BL L/MAR/B/579C",0
"432",432,"Earl Spencer","BL L/MAR/B/227D",0
"433",433,"Earl Spencer","BL L/MAR/B/227E",0
"434",434,"Earl Spencer","BL L/MAR/B/227F",0
"435",435,"Earl Talbot","BL L/MAR/B/410E",0
"436",436,"Earl Talbot","BL L/MAR/B/410F",0
"437",437,"Echo","MAR_D23318_89",0
"438",438,"Echo","MAR_D23905_1230",0
"439",439,"Echo","MAR_D23905_1231",0
"440",440,"Echo","NMM ADM/L/E18",0
"441",441,"Eendracht","MAR_D23905_1245",0
"442",442,"Eenigheijt","MCC_20_383",0
"443",443,"Eenigheijt","MCC_20_391",0
"444",444,"Eensgezindheid","ADM_177_3382",0
"445",445,"Eensgezindheid","MAR_D23318_54",0
"446",446,"EFIGENIA","MS. 1474",0
"447",447,"Egmond","Extract T, Reis 28, p.285-291",0
"448",448,"Egmond","MAR_D23905_1246",0
"449",449,"Egmont","NMM ADM/L/E57",0
"450",450,"EL ACTIVO","MS. 126",0
"451",451,"EL AGUILA","CORREOS, 191B R6",0
"452",452,"EL AGUILA","CORREOS, 191B R7",0
"453",453,"EL AGUILA","CORREOS, 192 R7",0
"454",454,"EL AGUILA","CORREOS, 192B R2",0
"455",455,"EL AGUILA","CORREOS, 192B R3",0
"456",456,"EL AGUILA","CORREOS, 192B R6",0
"457",457,"EL AGUILA","CORREOS, 279B R2",0
"458",458,"EL AGUILA","CORREOS, 279B R3",0
"459",459,"EL AGUILA","MS. 877",0
"460",460,"EL AGUILA","MS. 880",0
"461",461,"EL ANDALUZ","MS. 214",0
"462",462,"EL CARMEN (ALIAS EL SALVADOR)","MS. 178",0
"463",463,"EL COLON","CORREOS, 275A R1",0
"464",464,"EL COLON","CORREOS, 275A R10",0
"465",465,"EL COLON","CORREOS, 275A R11",0
"466",466,"EL COLON","CORREOS, 275A R12",0
"467",467,"EL COLON","CORREOS, 275A R13",0
"468",468,"EL COLON","CORREOS, 275A R2",0
"469",469,"EL COLON","CORREOS, 275A R3",0
"470",470,"EL COLON","CORREOS, 275A R4",0
"471",471,"EL COLON","CORREOS, 275A R5",0
"472",472,"EL COLON","CORREOS, 275A R6",0
"473",473,"EL COLON","CORREOS, 275A R7",0
"474",474,"EL COLON","CORREOS, 275A R8",0
"475",475,"EL COLON","CORREOS, 275A R9",0
"476",476,"EL COLON","CORREOS, 275B R1",0
"477",477,"EL COLON","CORREOS, 275B R10",0
"478",478,"EL COLON","CORREOS, 275B R2",0
"479",479,"EL COLON","CORREOS, 275B R3",0
"480",480,"EL COLON","CORREOS, 275B R4",0
"481",481,"EL COLON","CORREOS, 275B R5",0
"482",482,"EL COLON","CORREOS, 275B R6",0
"483",483,"EL COLON","CORREOS, 275B R7",0
"484",484,"EL COLON 2?","CORREOS, 195B R11",0
"485",485,"EL CORTES","CORREOS, 194B R6",0
"486",486,"EL CORTES","CORREOS, 194B R7",0
"487",487,"EL CORTES","CORREOS, 270A R11",0
"488",488,"EL CORTES","CORREOS, 270A R2",0
"489",489,"EL CORTES","CORREOS, 270A R3",0
"490",490,"EL CORTES","CORREOS, 270A R5",0
"491",491,"EL CORTES","CORREOS, 270A R8",0
"492",492,"EL CORTES","CORREOS, 270B R1",0
"493",493,"EL CORTES","CORREOS, 270B R10",0
"494",494,"EL CORTES","CORREOS, 270B R11",0
"495",495,"EL CORTES","CORREOS, 270B R12",0
"496",496,"EL CORTES","CORREOS, 270B R13",0
"497",497,"EL CORTES","CORREOS, 270B R2",0
"498",498,"EL CORTES","CORREOS, 270B R3",0
"499",499,"EL CORTES","CORREOS, 270B R4",0
"500",500,"EL CORTES","CORREOS, 270B R5",0
"501",501,"EL CORTES","CORREOS, 270B R6",0
"502",502,"EL CORTES","CORREOS, 270B R7",0
"503",503,"EL CORTES","CORREOS, 270B R8",0
"504",504,"EL CORTES","CORREOS, 270B R9",0
"505",505,"EL CUERVO","CORREOS, 279B R9",0
"506",506,"EL DESPACHO","CORREOS, 279B R1",0
"507",507,"EL FAMOSO SEVILLANO","MS. 243",0
"508",508,"EL FÉNIX","MS. 422",0
"509",509,"EL GALLARDO","MS. 2026",0
"510",510,"El Gallego","CORREOS, 194B R1",0
"511",511,"El Gallego","CORREOS, 194B R2",0
"512",512,"EL GALLEGO","CORREOS, 272B R1",0
"513",513,"EL GALLEGO","CORREOS, 272B R10",0
"514",514,"EL GALLEGO","CORREOS, 272B R2",0
"515",515,"EL GALLEGO","CORREOS, 272B R3",0
"516",516,"EL GALLEGO","CORREOS, 272B R5",0
"517",517,"EL GALLEGO","CORREOS, 272B R6",0
"518",518,"EL GALLEGO","CORREOS, 272B R7",0
"519",519,"EL GALLEGO","CORREOS, 272B R8",0
"520",520,"EL GALLEGO","CORREOS, 272B R9",0
"521",521,"EL GRAN PODER DE DIOS","MS. 176 (16)",0
"522",522,"El Grimaldi","CORREOS, 192B R11",0
"523",523,"El Grimaldi","CORREOS, 192B R12",0
"524",524,"El Grimaldi","CORREOS, 192B R8",0
"525",525,"El Grimaldi","CORREOS, 192B R9",0
"526",526,"EL GRIMALDI","CORREOS, 269A R1",0
"527",527,"EL GRIMALDI","CORREOS, 272A R1",0
"528",528,"EL GRIMALDI","CORREOS, 272A R10",0
"529",529,"EL GRIMALDI","CORREOS, 272A R11",0
"530",530,"EL GRIMALDI","CORREOS, 272A R12",0
"531",531,"EL GRIMALDI","CORREOS, 272A R13",0
"532",532,"EL GRIMALDI","CORREOS, 272A R14",0
"533",533,"EL GRIMALDI","CORREOS, 272A R2",0
"534",534,"EL GRIMALDI","CORREOS, 272A R3",0
"535",535,"EL GRIMALDI","CORREOS, 272A R4",0
"536",536,"EL GRIMALDI","CORREOS, 272A R5",0
"537",537,"EL GRIMALDI","CORREOS, 272A R6",0
"538",538,"EL GRIMALDI","CORREOS, 272A R7",0
"539",539,"EL GRIMALDI","CORREOS, 272A R8",0
"540",540,"EL GRIMALDI","CORREOS, 272A R9",0
"541",541,"EL HOPP","MS. 153 (1)",0
"542",542,"EL HOPP","MS. 226",0
"543",543,"EL HOPP","MS. 226",1
"544",544,"EL INFANTE","CORREOS, 273B R12",0
"545",545,"EL INFANTE","CORREOS, 273B R13",0
"546",546,"EL INFANTE","CORREOS, 273B R14",0
"547",547,"EL JUPITER","MS. 160 (1)",0
"548",548,"EL JUPITER","MS. 284",0
"549",549,"EL JUPITER","MS. 284",1
"550",550,"EL KAULIKAN","CORREOS, 279B R4",0
"551",551,"EL KAULIKAN","CORREOS, 279B R6",0
"552",552,"EL LANZAROTE","CORREOS, 275B R11",0
"553",553,"EL LANZAROTE","CORREOS, 275B R13",0
"554",554,"EL MAGALLANES","CORREOS, 276A R11",0
"555",555,"EL MAGALLANES","CORREOS, 276A R12",0
"556",556,"EL MAGALLANES","CORREOS, 276A R4",0
"557",557,"EL MAGALLANES","CORREOS, 276A R5",0
"558",558,"EL MARLLORQUÍN","MS. 1689",0
"559",559,"EL MONARCA","MS. 209",0
"560",560,"El Patagon","CORREOS, 194A R1",0
"561",561,"El Patagon","CORREOS, 194A R2",0
"562",562,"El Patagon","CORREOS, 194A R3",0
"563",563,"El Patagon","CORREOS, 194A R4",0
"564",564,"El Patagon","CORREOS, 194A R5",0
"565",565,"El Patagon","CORREOS, 194A R6",0
"566",566,"El Patagon","CORREOS, 194A R7",0
"567",567,"El Patagon","CORREOS, 194A R8",0
"568",568,"EL PATAGON","CORREOS, 274B R1",0
"569",569,"EL PATAGON","CORREOS, 274B R10",0
"570",570,"EL PATAGON","CORREOS, 274B R11",0
"571",571,"EL PATAGON","CORREOS, 274B R2",0
"572",572,"EL PATAGON","CORREOS, 274B R3",0
"573",573,"EL PATAGON","CORREOS, 274B R4",0
"574",574,"EL PATAGON","CORREOS, 274B R5",0
"575",575,"EL PATAGON","CORREOS, 274B R6",0
"576",576,"EL PATAGON","CORREOS, 274B R7",0
"577",577,"EL PATAGON","CORREOS, 274B R8",0
"578",578,"EL PATAGON","CORREOS, 274B R9",0
"579",579,"EL PINZON","CORREOS, 279B R8",0
"580",580,"EL PIZARRO","CORREOS, 193A R1",0
"581",581,"EL PIZARRO","CORREOS, 193A R2",0
"582",582,"EL PIZARRO","CORREOS, 269A R1",0
"583",583,"EL PIZARRO","CORREOS, 269A R2",0
"584",584,"EL PIZARRO","CORREOS, 269A R3",0
"585",585,"EL PIZARRO","CORREOS, 269A R4",0
"586",586,"EL PIZARRO","CORREOS, 269B R10",0
"587",587,"EL PIZARRO","CORREOS, 269B R11",0
"588",588,"EL PIZARRO","CORREOS, 269B R12",0
"589",589,"EL PIZARRO","CORREOS, 269B R13",0
"590",590,"EL PIZARRO","CORREOS, 269B R14",0
"591",591,"EL PIZARRO","CORREOS, 269B R15",0
"592",592,"EL PIZARRO","CORREOS, 269B R16",0
"593",593,"EL PIZARRO","CORREOS, 269B R8",0
"594",594,"EL PIZARRO","CORREOS, 269B R9",0
"595",595,"El Quiros","CORREOS, 192A R6",0
"596",596,"EL QUIROS","CORREOS, 271B R17",0
"597",597,"EL QUIROS","CORREOS, 271B R18",0
"598",598,"EL QUIROS","CORREOS, 271B R19",0
"599",599,"EL QUIROS","CORREOS, 271B R20",0
"600",600,"EL RAYO","MS. 1689",0
"601",601,"El Real Carlos","CORREOS, 194B R5",0
"602",602,"EL RELÁMPAGO","MS. 168 (4)",0
"603",603,"EL RELÁMPAGO","MS. 1758",0
"604",604,"El Rey","CORREOS, 194B R8",0
"605",605,"EL REY","CORREOS, 273A R1",0
"606",606,"EL REY","CORREOS, 273A R10",0
"607",607,"EL REY","CORREOS, 273A R11",0
"608",608,"EL REY","CORREOS, 273A R12",0
"609",609,"EL REY","CORREOS, 273A R13",0
"610",610,"EL REY","CORREOS, 273A R14",0
"611",611,"EL REY","CORREOS, 273A R15",0
"612",612,"EL REY","CORREOS, 273A R16",0
"613",613,"EL REY","CORREOS, 273A R17",0
"614",614,"EL REY","CORREOS, 273A R2",0
"615",615,"EL REY","CORREOS, 273A R3",0
"616",616,"EL REY","CORREOS, 273A R4",0
"617",617,"EL REY","CORREOS, 273A R5",0
"618",618,"EL REY","CORREOS, 273A R6",0
"619",619,"EL REY","CORREOS, 273A R7",0
"620",620,"EL REY","CORREOS, 273A R8",0
"621",621,"EL REY","CORREOS, 273A R9",0
"622",622,"EL REY","CORREOS, 273B R1",0
"623",623,"EL REY","CORREOS, 273B R2",0
"624",624,"EL REY","CORREOS, 273B R3",0
"625",625,"EL REY","CORREOS, 273B R4",0
"626",626,"EL REY","CORREOS, 273B R5",0
"627",627,"EL REY","CORREOS, 273B R6",0
"628",628,"EL SEPTENTRIÓN","MS. 162 (3)",0
"629",629,"EL SEPTENTRIÓN","MS. 1792",0
"630",630,"EL SEPTENTRIÓN","MS. 2235",0
"631",631,"EL SEPTENTRIÓN","MS. 811",0
"632",632,"EL SEPTENTRIÓN","MS. 939",0
"633",633,"EL SEPTENTRIÓN","MS. 1792",1
"634",634,"EL SEPTENTRIÓN","MS. 959",1
"635",635,"EL TUCUMAN","CORREOS, 195B R8",0
"636",636,"EL TUCUMAN","CORREOS, 271A R1",0
"637",637,"EL TUCUMAN","CORREOS, 271A R3",0
"638",638,"EL TUCUMAN","CORREOS, 271A R4",0
"639",639,"EL TUCUMAN","CORREOS, 271A R6",0
"640",640,"EL TUCUMAN","CORREOS, 271A R7",0
"641",641,"Elephant","NMM AUS/4",0
"642",642,"Elisabeth","Extract W, Reis 10, p.78-90",0
"643",643,"Elise","HUA_498_24_14",0
"644",644,"Eliza","Extract M, Reis 30, p.91-95",0
"645",645,"Eliza","NMM WDR/1/2",0
"646",646,"Eliza Susanna","Extract B, Reis 3",0
"647",647,"Eltham","NMM ADM/L/E95",0
"648",648,"Emerald","NMM ADM/L/E151",0
"649",649,"Emerald","NMM ADM/L/E99",0
"650",650,"Endeavour","Beaglehole C4752",0
"651",651,"Enterprise","NMM ADM/L/E12B",0
"652",652,"Enterprise","NMM ADM/L/E18",0
"653",653,"Eolus","Extract B, Reis 6",0
"654",654,"Essex","BL L/MAR/B/229L",0
"655",655,"Essex","NMM ADM/L/E144",0
"656",656,"Estafette","Extract M, Reis 42, p.210-",0
"657",657,"Etna","MAR_D23905_1296",0
"658",658,"Euphrates","BL L/MAR/B/262A",0
"659",659,"Euphrates","BL L/MAR/B/262B",0
"660",660,"Euridice","MAR_D23905_1306",0
"661",661,"Euridice","MAR_D23905_1308",0
"662",662,"Euridice","MAR_D23905_1309",0
"663",663,"Euridice","MAR_D23905_1311",0
"664",664,"Europa","Extract 15+, Reis 16, p.9-12",0
"665",665,"Europa","Extract E, Reis 1, p.1-9",0
"666",666,"Europa","Extract W, Reis 9, p.60-67",0
"667",667,"EUROPA","MS. 271 DOC 22",0
"668",668,"Europa","NMM ADM/L/E148b",0
"669",669,"Europa","NMM ADM/L/E155",0
"670",670,"Europa","NMM ADM/L/E18",0
"671",671,"Europe","NMM ADM/L/E151",0
"672",672,"Euryalus","NMM ADM/L/E200",0
"673",673,"Expedition","NMM ADM/L/E14",0
"674",674,"Experiment","NMM ADM/L/E196a",0
"675",675,"Experiment","NMM ADM/L/E198",0
"676",676,"Fairy","NMM ADM/L/F1",0
"677",677,"Fairy","NMM ADM/L/F117",0
"678",678,"Falcon","NMM ADM/L/F230",0
"679",679,"Falcon","NMM ADM/L/F5",0
"680",680,"Falcon","NMM ADM/L/F7",0
"681",681,"Falkland","NMM ADM/L/F24",0
"682",682,"Falkland","NMM ADM/L/F25",0
"683",683,"Falmouth","NMM ADM/L/F42",0
"684",684,"Fanny","FAM_C22253_11",0
"685",685,"Fanny","FAM_C22253_12",0
"686",686,"Favorite","NMM ADM/L/F59",0
"687",687,"Favourite","NMM ADM/L/F63",0
"688",688,"Favourite","PRO ADM 51/346",0
"689",689,"FENIX","MS. 210",0
"690",690,"FENIX","MS. 1789",1
"691",691,"Ferret","NMM ADM/L/F169",0
"692",692,"Ferret","NMM ADM/L/F70A",0
"693",693,"Flora","NMM ADM/L/F7",0
"694",694,"Flora","PRO ADM 51/3837",0
"695",695,"Flores","MAR_D23905_1420",0
"696",696,"Florida","PRO ADM 51/3838",0
"697",697,"Formosa","Extract X, Reis 11a, p.43-58",0
"698",698,"Formosa","Extract X, Reis 9a, p.1-8",0
"699",699,"Fowey","NMM ADM/L/F119",0
"700",700,"Fowey","NMM ADM/L/F205",0
"701",701,"Fowey","NMM ADM/L/F206",0
"702",702,"Fox","NMM ADM/L/F216",0
"703",703,"Fox","NMM ADM/L/F218",0
"704",704,"Frankendaal","1-266_S431(7)",0
"705",705,"Frankendaal","1-274_S431(8)",0
"706",706,"Freden","KVABS Ms. Dalman J.F.",0
"707",707,"Friedrich","GAD_156_15",0
"708",708,"GALLARDO","MS. 1793",0
"709",709,"GALLARDO","MS. 1796",1
"710",710,"GALLARDO","MS. 2087",2
"711",711,"GALLARDO","MS. 878",3
"712",712,"Ganges","NMM ADM/L/G8",0
"713",713,"Ganges","NMM MLN/101/3",0
"714",714,"Garland","NMM ADM/L/G11",0
"715",715,"Garland","NMM ADM/L/G200",0
"716",716,"Gedeh","MAR_D23905_1637",0
"717",717,"Geertruida","MAR_D23318_40",0
"718",718,"Geertuijda en Christina","MCC_20_429",0
"719",719,"General Coote","BL L/MAR/B/441A",0
"720",720,"General Coote","BL L/MAR/B/441B",0
"721",721,"General Elliot","NMM MLN/2",0
"722",722,"George IV","LOG/C/2",0
"723",723,"Georgina","BL L/MAR/B/156D",0
"724",724,"Georgina","BL L/MAR/B/156E",0
"725",725,"Georgina","BL L/MAR/B/156F",0
"726",726,"Gibraltar","NMM ADM/L/G203",0
"727",727,"Gibraltar","NMM ADM/L/G25",0
"728",728,"Gibraltar","NMM ADM/L/G30",0
"729",729,"Gibraltar","PRO ADM 51/393",0
"730",730,"Gier","MAR_D23905_1721",0
"731",731,"Glasgow","NMM ADM/L/G34",0
"732",732,"Glasgow","NMM ADM/L/G35",0
"733",733,"Glasgow","NMM ADM/L/G38",0
"734",734,"Glasgow","NMM PLT/17",0
"735",735,"Glatton","BL L/MAR/B/172F",0
"736",736,"Glatton","BL L/MAR/B/172G",0
"737",737,"Glatton","NMM UPN/51",0
"738",738,"Glatton","NMM UPN/6",0
"739",739,"Glory","NMM ADM/L/G44",0
"740",740,"Goede Intentie","MMR_H692",0
"741",741,"Goede Trouw","VOC_152_11429",0
"742",742,"Gorgon","NMM ADM/L/G66A",0
"743",743,"Gosport","NMM ADM/L/G76",0
"744",744,"Gosport","NMM ADM/L/G78",0
"745",745,"Götha Leijon","GUB.SOKA.H-22-3 (1291)",0
"746",746,"Gouverneur Elsevier","Extract O, Reis 16, p.157-158",0
"747",747,"Gouverneur Generaal de Klerk","VOC_152_11427",0
"748",748,"Gouverneur Generaal De Klerk","VOC_152_5141",0
"749",749,"Grafton","NMM ADM/L/G100",0
"750",750,"Grafton","NMM ADM/L/G101",0
"751",751,"Grafton","NMM ADM/L/G207",0
"752",752,"Grampus","NMM ADM/L/G11",0
"753",753,"Grampus","NMM ADM/L/G114",0
"754",754,"Grampus","NMM ADM/L/G30",0
"755",755,"GRANIZO","MS. 2024",0
"756",756,"Greene","MAR_D23318_39",0
"757",757,"Greenwich","NMM ADM/L/G126",0
"758",758,"Greenwich","NMM ADM/L/G154",0
"759",759,"Grenadier","MCC_20_461",0
"760",760,"Grenadier","MCC_20_467",0
"761",761,"Greyhound","NMM ADM/L/G136",0
"762",762,"Greyhound","NMM ADM/L/G140B",0
"763",763,"Greyhound","NMM ADM/L/G142",0
"764",764,"Griffin","BL L/MAR/B/603A",0
"765",765,"Griffin","NMM ADM/L/G149",0
"766",766,"Guadaloupe","NMM ADM/L/G153",0
"767",767,"Guadaloupe","NMM ADM/L/G154",0
"768",768,"Guardian","NMM ADM/L/rusi/nm/235/er/7/3/",0
"769",769,"Guernsey","NMM ADM/L/G189",0
"770",770,"Guernsey","NMM ADM/L/G190",0
"771",771,"Haarlemmerhout","ADM_177_2388",0
"772",772,"Haarlemmerhout","ADM_193_45",0
"773",773,"Haarlemmerhout","ADM_193_5",0
"774",774,"Haast U Langzaam","MCC_20_511",0
"775",775,"Haast U Langzaam","MCC_20_523",0
"776",776,"Haast U Langzaam","MCC_20_537",0
"777",777,"Haast U Langzaam","MCC_20_542",0
"778",778,"Haay","Extract V, Reis 7, p.55-60",0
"779",779,"Haay","MAR_D23905_1830",0
"780",780,"Hampshire","NMM ADM/L/H20",0
"781",781,"Hampshire","NMM ADM/L/H21",0
"782",782,"Hannach","ADM_181_IX-3",0
"783",783,"Hannibal","NMM ADM/L/H166",0
"784",784,"Hannibal","NMM ADM/L/H43",0
"785",785,"Harrier","NMM ADM/L/H54",0
"786",786,"Havick","ADM_181_1",0
"787",787,"Havick","ADM_181_IX-3",0
"788",788,"Havick","FAM_C22253_5",0
"789",789,"Havick","FAM_C22253_6",0
"790",790,"Havick","NMM ADM/L/H92",0
"791",791,"Hebe","NMM ADM/L/H94",0
"792",792,"Hecla","Extract 17+, Reis 23",0
"793",793,"Hector","BL L/MAR/B/486A",0
"794",794,"Hector","NMM ADM/L/4/109",0
"795",795,"Hector","NMM ADM/L/H112B",0
"796",796,"Hector","NMM ADM/L/H118",0
"797",797,"Heldin","MAR_D23905_2021",0
"798",798,"Heldin","Extract T, Reis 14a, p.118-122",1
"799",799,"Heldin","Extract T, Reis 14b, p.123-127",1
"800",800,"Hendrika","Extract C, Reis 13, p.187-197",0
"801",801,"Henriette Clasina","Extract B, Reis 5, p.81-87",0
"802",802,"Henriette Clasina","Extract L, Reis 5",0
"803",803,"Henriette Clasina","Extract M, Reis 35, p.125-132",0
"804",804,"Hercules","GAA_Bibliotheek_M165",0
"805",805,"Hercules","GAA_Bibliotheek_M951_53",0
"806",806,"Hercules","GAA_Bibliotheek_M951_54",0
"807",807,"HERCULES","MS. 1846",0
"808",808,"HERCULES","MS. 494",0
"809",809,"Hercules","GAA_Bibliotheek_M951_54",1
"810",810,"Hermes","NMM ADM/L/H160",0
"811",811,"Heroine","NMM ADM/L/H145",0
"812",812,"Hester","NMM ADM/L/W162",0
"813",813,"Heureux","NMM ADM/L/H92",0
"814",814,"Hind","NMM ADM/L/H116",0
"815",815,"Hind","NMM ADM/L/H153",0
"816",816,"Hind","NMM ADM/L/H156",0
"817",817,"Hind","NMM ADM/L/H157",0
"818",818,"Hind","PRO ADM 51/455",0
"819",819,"Hippomenes","Extract M, Reis 29a, p.82-86",0
"820",820,"Hippomenes","Extract M, Reis 29b, p.87-90",0
"821",821,"Hippomenes","MAR_D23905_2108",0
"822",822,"Hippomenes","MAR_D23905_2109",0
"823",823,"Hippomenes","Extract M, Reis 29a, p.82-86",1
"824",824,"Hoop","GAS_Hs_K47_2",0
"825",825,"Hoop","GAS_Hs_K47_3",0
"826",826,"Hoop","GAS_Hs_K47_5",0
"827",827,"Hoop","GAS_Hs_K47_6",0
"828",828,"Hoop","GAS_Hs_K47_7",0
"829",829,"Hope","NMM ADM/L/H121",0
"830",830,"Hornet","NMM ADM/L/H163",0
"831",831,"Hornet","NMM ADM/L/H166",0
"832",832,"Hornet","NMM ADM/L/H167",0
"833",833,"Hornet","NMM ADM/L/H43",0
"834",834,"Hound","NMM ADM/L/H155",0
"835",835,"Hound","NMM ADM/L/H171",0
"836",836,"Hound","NMM ADM/L/H172",0
"837",837,"Hound","NMM ADM/L/H174",0
"838",838,"Hound","NMM ADM/L/H182",0
"839",839,"Hound","NMM ADM/L/H54",0
"840",840,"Humber","NMM ADM/L/H182",0
"841",841,"Hunter","NMM ADM/L/H186",0
"842",842,"Huzaar","MAR_D23905_2157",0
"843",843,"Ilchester","BL L/MAR/B/601B",0
"844",844,"Imperieuse","NMM ADM/L/J50",0
"845",845,"Inconnu-1","Cote - 4/JJ/39",0
"846",846,"Inconnu-2","Cote - 5/JJ/168-1",0
"847",847,"India","Extract B, Reis 14, p.231",0
"848",848,"India","Extract C, Reis 10, p.162-169",0
"849",849,"India","Extract L, Reis 4",0
"850",850,"Infanta","CORREOS, 191A R1",0
"851",851,"Infanta","CORREOS, 191A R2",0
"852",852,"Infanta","CORREOS, 191A R3",0
"853",853,"Infanta","CORREOS, 191B R3",0
"854",854,"Infanta","CORREOS, 191B R4",0
"855",855,"Infanta","CORREOS, 191B R5",0
"856",856,"Infanta","CORREOS, 191B R6",0
"857",857,"Infanta","CORREOS, 191B R7",0
"858",858,"Infanta","CORREOS, 191B R8",0
"859",859,"Infanta","CORREOS, 191B R9",0
"860",860,"Inglis","NMM DUD/10",0
"861",861,"Inglis","NMM DUD/2",0
"862",862,"Inglis","NMM DUD/3",0
"863",863,"Inglis","NMM DUD/4",0
"864",864,"Inglis","NMM DUD/5",0
"865",865,"Inglis","NMM DUD/6",0
"866",866,"Inglis","NMM DUD/7",0
"867",867,"Inglis","NMM DUD/8",0
"868",868,"Inglis","NMM DUD/9",0
"869",869,"Inspector","NMM ADM/L/J65",0
"870",870,"Intrepid","NMM ADM/L/J78",0
"871",871,"Intrepid","NMM ADM/L/J81",0
"872",872,"Iphigenia","NMM ADM/L/J100",0
"873",873,"Irene","MAR_D23905_2187",0
"874",874,"Irene","MAR_D23905_2189",0
"875",875,"Iris","MAR_D23318_80",0
"876",876,"Iris","MAR_D23905_2191",0
"877",877,"Isis","NMM ADM/L/J131",0
"878",878,"Isis","NMM ADM/L/J132",0
"879",879,"Isis","NMM ADM/L/J14",0
"880",880,"JACINTA","1177 (242).1",0
"881",881,"Jacob Roggeveen","Extract P, Reis 12, p.212-222",0
"882",882,"Jacoba","Extract Y, Reis 26, p.241-248",0
"883",883,"Jacoba Maurina","Extract C, Reis 17, p.209-237",0
"884",884,"Jacobus","Extract E, Reis 5, p.39-42",0
"885",885,"Jacobus","Extract W, Reis 22a, p.164-173",0
"886",886,"Jacobus","Extract W, Reis 22b, p.174-182",0
"887",887,"Jamaica","NMM ADM/L/J4",0
"888",888,"Jamaica","NMM ADM/L/J5",0
"889",889,"Jamaica","PRO ADM 51/485",0
"890",890,"Jan Daniel","Extract 15+, Reis 57",0
"891",891,"Jan Daniel","Extract T, Reis 2, p.12-21",0
"892",892,"Jan en Cornelis","ADM_190_4",0
"893",893,"Janus","NMM ADM/L/J14",0
"894",894,"Janus","NMM ADM/L/J17",0
"895",895,"Jason","ADM_177_1176",0
"896",896,"Jason","ADM_193_20",0
"897",897,"Jason","MAR_D23905_2225",0
"898",898,"Jason","NMM ADM/L/J18",0
"899",899,"Jason","NMM ADM/L/J24",0
"900",900,"Java Koerier","Extract O, Reis 14, p.122-131",0
"901",901,"Java Koerier","Extract O, Reis 9, p.63-73",0
"902",902,"Javaan","Extract O, Reis 22, p.214-224",0
"903",903,"Javaan","Extract P, Reis 4, p.40-49",0
"904",904,"Javaan","MAR_D23905_2264",0
"905",905,"Jerusalem","HUA_280",0
"906",906,"Joan de Witt","MAR_D23318_102",0
"907",907,"Johanna","Extract B, Reis 16",0
"908",908,"Jonge Jan","GAA_Bibliotheek_M951_56",0
"909",909,"Jonge Lieve","AAN_1229_1831",0
"910",910,"Juno","ADM_177_3374",0
"911",911,"Juno","ADM_177_3378",0
"912",912,"Juno","NMM ADM/L/J140",0
"913",913,"Juno","NMM ADM/L/J141",0
"914",914,"Jupiter","NMM ADM/L/J147",0
"915",915,"Jupiter","NMM ADM/L/J149",0
"916",916,"Kemphaan","ADM_177_1198",0
"917",917,"Kemphaan","ADM_177_1201",0
"918",918,"Kemphaan","ADM_177_1219",0
"919",919,"Kemphaan","FAM_1207_1",0
"920",920,"Kemphaan","FAM_1207_3",0
"921",921,"Kemphaan","FAM_1207_4",0
"922",922,"Kenau Hasselaar","ADM_180_VII-2",0
"923",923,"Kennington","NMM ADM/L/K6",0
"924",924,"Kent","BL L/MAR/B/41B",0
"925",925,"Kent","BL L/MAR/B/41C",0
"926",926,"Kent","NMM ADM/L/K20B",0
"927",927,"King George III","PRO BH1 1545",0
"928",928,"Kingfisher","NMM ADM/L/K33A",0
"929",929,"Koerier","MAR_D23905_2318",0
"930",930,"Koerier","MAR_D23905_2319",0
"931",931,"Koerier","MAR_D23905_2320",0
"932",932,"Koerier","MAR_D23905_2322",0
"933",933,"Koerier","MAR_D23905_2323",0
"934",934,"Komeet","MAR_D23905_2349",0
"935",935,"Komeet","MAR_D23905_2350",0
"936",936,"Komeet","MAR_D23905_2351",0
"937",937,"Koning Willem II","Extract Z, Reis 25b, p.282-",0
"938",938,"Kortenaer","Extract E, Reis 4, p.28-38",0
"939",939,"Kroonprincesse Maria","MMR_VOC_H97",0
"940",940,"LA ASTREA","MS. 526",0
"941",941,"LA ATREVIDA","MS. 271",0
"942",942,"LA ATREVIDA","MS. 271 DOC 11",0
"943",943,"LA ATREVIDA","MS. 271 DOC 18",0
"944",944,"La Belette","Cote - 4/JJ/10",0
"945",945,"La Belle Poule","Cote - 4/JJ/39",0
"946",946,"La Bergere","Cote - 4/JJ/23",0
"947",947,"La Boussole","NIWI-F-1573",0
"948",948,"La Cantabria","CORREOS, 195A R1",0
"949",949,"La Cantabria","CORREOS, 195A R1 bis",0
"950",950,"La Cantabria","CORREOS, 195A R10",0
"951",951,"La Cantabria","CORREOS, 195A R2",0
"952",952,"La Cantabria","CORREOS, 195A R3",0
"953",953,"La Cantabria","CORREOS, 195A R4",0
"954",954,"La Cantabria","CORREOS, 195A R5",0
"955",955,"La Cantabria","CORREOS, 195A R6",0
"956",956,"La Cantabria","CORREOS, 195A R7",0
"957",957,"La Cantabria","CORREOS, 195A R8",0
"958",958,"La Cantabria","CORREOS, 195A R9",0
"959",959,"La Capriciense","Cote - 4/JJ/33",0
"960",960,"La Cassares","Cote - 4/JJ/202",0
"961",961,"La Coulisse","Cote - 4/JJ/23",0
"962",962,"La Danaé","Cote - 4/JJ/22",0
"963",963,"La Danaé","Cote - 4/JJ/22",1
"964",964,"La Dedaigneuse","Cote - 4/JJ/39",0
"965",965,"LA DESCUBIERTA","MS. 168 (5)",0
"966",966,"LA DESCUBIERTA","MS. 92B_14",0
"967",967,"LA DESCUBIERTA Y ATREVIDA","MS. 93_001",0
"968",968,"La Desirée","Cote - 4/JJ/35",0
"969",969,"La Desirée","Cote - 4/JJ/36",0
"970",970,"La Diana","CORREOS, 195B R1",0
"971",971,"La Diana","CORREOS, 195B R12",0
"972",972,"La Diana","CORREOS, 195B R2",0
"973",973,"La Diana","CORREOS, 195B R3",0
"974",974,"La Diana","CORREOS, 195B R4",0
"975",975,"La Diana","CORREOS, 195B R5",0
"976",976,"La Diana","CORREOS, 195B R6",0
"977",977,"La Diana","CORREOS, 195B R7",0
"978",978,"La Diana","CORREOS, 195B R9",0
"979",979,"LA DIANA","CORREOS, 273B R10",0
"980",980,"LA DIANA","CORREOS, 273B R8",0
"981",981,"La Diane","Cote - 4/JJ/13",0
"982",982,"La Diane","Cote - 4/JJ/13",1
"983",983,"La Durance","Cote - 4/JJ/35",0
"984",984,"La Elourdie","Cote - 4/JJ/39",0
"985",985,"La Favorite","Cote - 4/JJ/25",0
"986",986,"LA FENIX","MS. 321_021",0
"987",987,"La Fleur de Lys","Cote - 4/JJ/22",0
"988",988,"La Flore","NIWI-F-1581",0
"989",989,"La Fortune","Cote - 4/JJ/22",0
"990",990,"La Gironde","Cote - 4/JJ/9",0
"991",991,"La Graciense","Cote - 4/JJ/33",0
"992",992,"LA INFANTA","CORREOS, 273B R11",0
"993",993,"LA JUNO","MS. 1689",0
"994",994,"La Lamproie","Cote - 4/JJ/13",0
"995",995,"La Lamproye","Cote - 4/JJ/36",0
"996",996,"LA LIEBRE","MS. 271 DOC 08",0
"997",997,"LA LIEBRE","MS. 943",0
"998",998,"La Loir","Cote - 4/JJ/35",0
"999",999,"La Loire","Cote - 4/JJ/32",0
"1000",1000,"LA LORETO","MS. 735 BIS",0
"1001",1001,"La Lourde","Cote - 4/JJ/35",0
"1002",1002,"LA MASCANIN y LA CASTRIES","MS. 271 DOC 21",0
"1003",1003,"La Ménagére","Cote - 4/JJ/23",0
"1004",1004,"LA MOSCA","MS. 2280",0
"1005",1005,"La Nourrice","Cote - 4/JJ/23",0
"1006",1006,"LA ORBE","MS. 271 DOC 15",0
"1007",1007,"LA PERLA","MS. 1846",0
"1008",1008,"La Perle","Cote - 4/JJ/23",0
"1009",1009,"La Petite Fortune","Cote - 4/JJ/9",0
"1010",1010,"La Pintade","Cote - 4/JJ/13",0
"1011",1011,"La Pomone","Cote - 4/JJ/22",0
"1012",1012,"La Poulette","Cote - 4/JJ/26",0
"1013",1013,"LA PRINCESA","CORREOS, 192A R1",0
"1014",1014,"LA PRINCESA","CORREOS, 192A R2",0
"1015",1015,"LA PRINCESA","CORREOS, 192A R3",0
"1016",1016,"LA PRINCESA","CORREOS, 192A R4",0
"1017",1017,"LA PRINCESA","CORREOS, 192A R5",0
"1018",1018,"LA PRINCESA","CORREOS, 192A R7",0
"1019",1019,"LA PRINCESA","CORREOS, 192B R4",0
"1020",1020,"LA PRINCESA","CORREOS, 192B R5",0
"1021",1021,"LA PRINCESA","CORREOS, 195A R7",0
"1022",1022,"LA PRINCESA","CORREOS, 195B R13",0
"1023",1023,"LA PRINCESA","CORREOS, 276B R5",0
"1024",1024,"LA PRINCESA","MS. 732",0
"1025",1025,"La Seine","Cote - 4/JJ/12",0
"1026",1026,"La Seine","Cote - 4/JJ/23",0
"1027",1027,"La Seine","Cote - 4/JJ/9",0
"1028",1028,"LA SUERTE","MS. 879",0
"1029",1029,"LA SUERTE (SAN FCO JAVIER)","MS. 879",0
"1030",1030,"La Terpsicore","Cote - 4/JJ/23",0
"1031",1031,"La Tourterelle","Cote - 4/JJ/23",0
"1032",1032,"LA VENUS","MS. 152",0
"1033",1033,"LA VENUS","MS. 1781",0
"1034",1034,"LA VENUS","MS. 320_007",0
"1035",1035,"LA VENUS","MS. 167",1
"1036",1036,"LABORDE","1340(36).5 y 1340 (36).6",0
"1037",1037,"L'Actif","Cote - 4/JJ/13",0
"1038",1038,"L'actionnaire","Cote - 4/JJ/39",0
"1039",1039,"L'Aimable","NMM ADM/L/A251",0
"1040",1040,"L'aimable Marie Anne","Cote - 4/JJ/10",0
"1041",1041,"L'Ambition","Cote - 4/JJ/22",0
"1042",1042,"L'Amphitrite","Cote - 4/JJ/23",0
"1043",1043,"L'Amphitrite","Cote - 4/JJ/39",0
"1044",1044,"Lancaster","NMM ADM/L/L110",0
"1045",1045,"Lancaster","NMM ADM/L/L15",0
"1046",1046,"Lancaster","NMM ADM/L/L17",0
"1047",1047,"Landskroon","VOC_152_5133",0
"1048",1048,"Lansdown","BL L/MAR/B/373C",0
"1049",1049,"Lansier","MAR_D23905_2578",0
"1050",1050,"Lapwing","BL L/MAR/B/475C",0
"1051",1051,"Lapwing","NMM ADM/L/L19",0
"1052",1052,"L'Aquillon","Cote - 4/JJ/22",0
"1053",1053,"Lark","NMM ADM/L/L30",0
"1054",1054,"Lark","NMM ADM/L/L34",0
"1055",1055,"Lascelles","BL L/MAR/B/408B",0
"1056",1056,"Lascelles","BL L/MAR/B/408C",0
"1057",1057,"Launceston","NMM ADM/L/L53",0
"1058",1058,"Laurel","NMM ADM/L/L163",0
"1059",1059,"Laurel","NMM ADM/L/L55",0
"1060",1060,"Le Aigle","Cote - 4/JJ/9",0
"1061",1061,"Le Barbeau","Cote - 4/JJ/36",0
"1062",1062,"Le Bizarre","Cote - 4/JJ/9",0
"1063",1063,"Le Bizarre","Cote - 4/JJ/9",1
"1064",1064,"Le Chariot Royal","Cote - 4/JJ/12",0
"1065",1065,"Le Chariot Royal","Cote - 4/JJ/9",0
"1066",1066,"Le Danube","Cote - 4/JJ/23",0
"1067",1067,"Le Desiré","Cote - 4/JJ/23",0
"1068",1068,"Le Etoile","Cote - 4/JJ/35",0
"1069",1069,"Le Furet","Cote - 4/JJ/12",0
"1070",1070,"Le Leopard","Cote - 4/JJ/22",0
"1071",1071,"Le Oiseau","Cote - 4/JJ/23",0
"1072",1072,"Le Paquebot","Cote - 4/JJ/13",0
"1073",1073,"Le Parham","Cote - 4/JJ/9",0
"1074",1074,"Le Prothée","Cote - 4/JJ/9",0
"1075",1075,"Le Rhinoceros","Cote - 4/JJ/9",0
"1076",1076,"Le Rhóne","Cote - 4/JJ/35",0
"1077",1077,"Le Rossignol","Cote - 4/JJ/23",0
"1078",1078,"Le Salomon","Cote - 4/JJ/9",0
"1079",1079,"Le Saumon","Cote - 4/JJ/35",0
"1080",1080,"Le Serin","Cote - 4/JJ/39",0
"1081",1081,"Le Triton","Cote - 4/JJ/9",0
"1082",1082,"Le Vaillans","Cote - 4/JJ/39",0
"1083",1083,"Le Valeur","Cote - 4/JJ/9",0
"1084",1084,"Le Vicomte de Choiseuil","Cote - 4/JJ/9",0
"1085",1085,"Le Zephir","Cote - 4/JJ/22",0
"1086",1086,"Leocadia","NMM ADM/L/L113",0
"1087",1087,"Leopard","NMM ADM/L/L100",0
"1088",1088,"L'Esperance","F-1574",0
"1089",1089,"L'Etoile","Cote - 4/JJ/32",0
"1090",1090,"Levant","NMM ADM/L/L101",0
"1091",1091,"Levant","NMM ADM/L/L102",0
"1092",1092,"Levant","NMM ADM/L/L161",0
"1093",1093,"Leviathan","NMM ADM/L/L108",0
"1094",1094,"L'Experiment","Cote - 4/JJ/10",0
"1095",1095,"L'Heureux","Cote - 4/JJ/9",0
"1096",1096,"L'Hipocrite","Cote - 4/JJ/36",0
"1097",1097,"LIEBRE","MS. 2251",0
"1098",1098,"LIEBRE","MS. 965",0
"1099",1099,"LIEBRE","MS. 156 DOC 001",1
"1100",1100,"Lilly","NMM ADM/L/L163",0
"1101",1101,"Lilly","NMM ADM/L/L55",0
"1102",1102,"L'Indiscrette","Cote - 4/JJ/23",0
"1103",1103,"L'isis","Cote - 4/JJ/23",0
"1104",1104,"Lively","NMM ADM/L/L155",0
"1105",1105,"Lively","NMM ADM/L/L159",0
"1106",1106,"Lively","NMM ADM/L/L240",0
"1107",1107,"Liverpool","NMM ADM/L/L167",0
"1108",1108,"Liverpool","NMM ADM/L/L168",0
"1109",1109,"Liverpool","NMM ADM/L/L170",0
"1110",1110,"Liverpool","NMM ADM/L/L172",0
"1111",1111,"Liverpool","PRO ADM 51/545",0
"1112",1112,"Lizard","NMM ADM/L/L160",0
"1113",1113,"Lizard","NMM ADM/L/L161",0
"1114",1114,"Lizard","NMM ADM/L/L178",0
"1115",1115,"L'Oiseau","NMM ADM/L/L285",0
"1116",1116,"Loopuijt","Extract H, Reis 4, p.79-98",0
"1117",1117,"Loopuijt","Extract H, Reis 8, p.178-200",0
"1118",1118,"Lord Anson","BL L/MAR/B/549B",0
"1119",1119,"Lord Walsingham","BL L/MAR/B/346A",0
"1120",1120,"Lord Walsingham","BL L/MAR/B/346C",0
"1121",1121,"LOS TRES AMIGOS","MS. 159 (4)",0
"1122",1122,"Lowestoft","NMM ADM/L/L214",0
"1123",1123,"Lowestoft","PRO ADM 51/554",0
"1124",1124,"Lucipara's","Extract O, Reis 23, p.225-232",0
"1125",1125,"Lucipara's","Extract O, Reis 25a, p.246-251",0
"1126",1126,"Lucipara's","Extract O, Reis 25b, p.252-261",0
"1127",1127,"Lucipara's","Extract P, Reis 1, p.1-10",0
"1128",1128,"Lucipara's","Extract P, Reis 6, p.61-69",0
"1129",1129,"Lucipara's","Extract P, Reis 8a, p.81-100",0
"1130",1130,"Lucipara's","Extract P, Reis 8b, p.101-108",0
"1131",1131,"Ludlow Castle","NMM ADM/L/L240",0
"1132",1132,"Lynn","NMM ADM/L/L266",0
"1133",1133,"Lynx","MAR_D23905_2696",0
"1134",1134,"Lynx","NMM ADM/L/L160",0
"1135",1135,"Lynx","NMM ADM/L/L273",0
"1136",1136,"Maarsen","ADM_177_2396",0
"1137",1137,"Maarseveen","AAN_1229_112",0
"1138",1138,"Maas","MAR_D23905_2748",0
"1139",1139,"Maas","MAR_D23905_2749",0
"1140",1140,"Maas","Extract 1+, Reis 7, p.81-87",1
"1141",1141,"Maas Nijmph","Extract H, Reis 10, p.223-225",0
"1142",1142,"Maasnimph","ADM_177_1215",0
"1143",1143,"Machtilda Cornelia","Extract V, Reis 23, p.242-244",0
"1144",1144,"Macqueen","NMM LOG/C/71",0
"1145",1145,"MAGALLANES","MS. 272 DOC 1",0
"1146",1146,"Magdalena","Extract B, Reis 1a, p.2-9",0
"1147",1147,"Magdalena","Extract B, Reis 1b, p.10-19",0
"1148",1148,"Magdalena","Extract B, Reis 1c, p.20-28",0
"1149",1149,"MAGDALENA","MS. 1623",0
"1150",1150,"Magdalena","Extract B, Reis 1a, p.2-9",1
"1151",1151,"Magdalena","Extract B, Reis 1b, p.10-19",1
"1152",1152,"MAGDALENA","MS. 2020",1
"1153",1153,"Magicienne","NMM ADM/L/M16B",0
"1154",1154,"Magnanime","NMM ADM/L/M206",0
"1155",1155,"Maidstone","NMM ADM/L/M28",0
"1156",1156,"Maidstone","NMM ADM/L/M29",0
"1157",1157,"Majestic","NMM ADM/L/M204",0
"1158",1158,"Majestic","NMM WAR/6",0
"1159",1159,"Malabar","NMM ADM/L/M286",0
"1160",1160,"Manilla","NMM ADM/L/M106A",0
"1161",1161,"Margaretha en Maria","Extract M, Reis 32, p.100-107",0
"1162",1162,"Margaretha Simonette","Extract M, Reis 39, p.159-183",0
"1163",1163,"Maria","Extract B, Reis 13",0
"1164",1164,"Maria","Extract L, Reis 2",0
"1165",1165,"Maria","Extract W, Reis 21, p.156-163",0
"1166",1166,"Maria","Extract W, Reis 21, p.156-163",1
"1167",1167,"Maria Elisabeth","Extract Z, Reis 20, p.212-219",0
"1168",1168,"Maria Elisabeth","Extract Z, Reis 7b, p.81-87",0
"1169",1169,"Maria Magdalena","CORREOS, 194B R10",0
"1170",1170,"Maria Magdalena","CORREOS, 194B R9",0
"1171",1171,"Maria Reigersbergen","MAR_D23905_3654",0
"1172",1172,"Maria Reigersbergen","MAR_D23905_3655",0
"1173",1173,"Maria Reigersbergen","MAR_D23905_3658",0
"1174",1174,"Marij-Goddard","Extract H, Reis 9, p.201-222",0
"1175",1175,"Marlborough","BL L/MAR/B/602H",0
"1176",1176,"MARQUESA DE BALVUENA","MS. 178",0
"1177",1177,"Marquis of Lansdowne","BL L/MAR/B/373B",0
"1178",1178,"Mars","ADM_177_1171",0
"1179",1179,"MARTE","MS. 958",0
"1180",1180,"Martin","NMM ADM/L/M14",0
"1181",1181,"Martin","NMM ADM/L/M16B",0
"1182",1182,"Martin","NMM ADM/L/M73",0
"1183",1183,"Medea","NMM ADM/L/M157",0
"1184",1184,"Mediator","NMM ADM/L/M14",0
"1185",1185,"Medusa","NMM ADM/L/M109",0
"1186",1186,"Medway","NMM ADM/L/M126",0
"1187",1187,"Medway","NMM ADM/L/M130",0
"1188",1188,"Medway","NMM ADM/L/M134",0
"1189",1189,"Medway","NMM ADM/L/M139",0
"1190",1190,"Meermin","Extract T, Reis 6, p.54-58",0
"1191",1191,"Meermin","MAR_D23905_3056",0
"1192",1192,"Meermin","MAR_D23905_3058",0
"1193",1193,"Meermin","MAR_D23905_3059",0
"1194",1194,"Meermin","MAR_D23905_3061",0
"1195",1195,"Melampe","NMM ADM/L/M143",0
"1196",1196,"Melampus","MAR_D23905_3064",0
"1197",1197,"Melville Castle","NMM CLU/11",0
"1198",1198,"Menado","Extract W, Reis 11, p.91-95",0
"1199",1199,"Mentor","AAN_1229_988",0
"1200",1200,"Mentor","Extract O, Reis 13, p.113-122",0
"1201",1201,"Mentor","VOC_152_11437",0
"1202",1202,"Merapi","Extract V, Reis 9, p.77-82",0
"1203",1203,"Mercator","Extract G, Reis 38",0
"1204",1204,"Mercator","Extract G, Reis 39",0
"1205",1205,"Mercator","Extract H, Reis 5, p.99-125",0
"1206",1206,"MERCURIO","MS. 2281",0
"1207",1207,"Mercurius","MCC_20_744",0
"1208",1208,"Mercurius","MCC_20_748",0
"1209",1209,"Mercurius","MCC_20_752",0
"1210",1210,"Mercurius","MCC_20_758",0
"1211",1211,"Mercury","NMM ADM/L/M151",0
"1212",1212,"Mercury","NMM ADM/L/M156",0
"1213",1213,"Mercury","NMM ADM/L/M158",0
"1214",1214,"Mercuur","MAR_D23905_3092",0
"1215",1215,"Mercuur","MAR_D23905_3093",0
"1216",1216,"Mercuur","MAR_D23905_3094",0
"1217",1217,"Merlin","NMM ADM/L/M157",0
"1218",1218,"Merlin","NMM ADM/L/M165",0
"1219",1219,"Merlin","NMM ADM/L/M166",0
"1220",1220,"Merlin","NMM ADM/L/M289A",0
"1221",1221,"Mermaid","NMM ADM/L/M176",0
"1222",1222,"Mermaid","NMM ADM/L/M177",0
"1223",1223,"Mermaid","NMM ADM/L/M179",0
"1224",1224,"Mersey","PRO ADM/51/3265",0
"1225",1225,"Merwede","Extract M, Reis 27, p.66-77",0
"1226",1226,"Middelburg","ADM_1113_9",0
"1227",1227,"Middelburgs Welvaren","MCC_20_775",0
"1228",1228,"Middelburgs Welvaren","MCC_20_781",0
"1229",1229,"Middelburgs Welvaren","MCC_20_787",0
"1230",1230,"Minerva","NMM ADM/L/M109",0
"1231",1231,"Minerva","NMM ADM/L/M158",0
"1232",1232,"Minerva","NMM ADM/L/M195",0
"1233",1233,"Minerva","PRO ADM 51/3911",0
"1234",1234,"MIÑO","MS. 111 DOC 4",0
"1235",1235,"MIÑO","MS. 243",0
"1236",1236,"MIÑO","MS. 111 DOC 4",1
"1237",1237,"Monarca","NMM ADM/L/M16B",0
"1238",1238,"Monmouth","NMM ADM/L/M158",0
"1239",1239,"Monmouth","NMM ADM/L/M16B",0
"1240",1240,"Montague","NMM ADM/L/M13",0
"1241",1241,"Montreal","NMM ADM/L/M166",0
"1242",1242,"Montreal","PRO ADM 51/4267",0
"1243",1243,"Morning Star","NMM ADM/L/M13",0
"1244",1244,"Na Sa DE ARANZAZU","MS. 2193",0
"1245",1245,"Na Sa DE LA PIEDAD","MS. 099 DOC 2",0
"1246",1246,"Na Sa DE LOS DOLORES (1)","MS. 159 (3)",0
"1247",1247,"Na Sa DE LOS DOLORES (2)","MS. 179 (1)",0
"1248",1248,"Na Sa DE LOS DOLORES (3)","MS. 415",0
"1249",1249,"Na Sa DEL CARMEN","MS. 245",0
"1250",1250,"Na Sa DEL CARMEN (EL GRIEGO)","MS. 933",0
"1251",1251,"Na Sa DEL ROSARIO","MS. 272 DOC 15",0
"1252",1252,"Na Sa DEL ROSARIO","MS. 413",0
"1253",1253,"Na Sa DEL ROSARIO (LA PAZ)","MS. 1779",0
"1254",1254,"Na Sa DEL VALLE","MS. 243",0
"1255",1255,"Naiade","NMM ADM/L/N2B",0
"1256",1256,"Namur","NMM ADM/L/N17",0
"1257",1257,"Narcissus","NMM ADM/L/N2B",0
"1258",1258,"NaSa DEL ROSARIO","MS. 272 DOC 15",0
"1259",1259,"NaSa DEL ROSARIO (LA NUMANCIA)","MS. 215",0
"1260",1260,"Nassau","Extract L, Reis 6",0
"1261",1261,"Nassau-Weilburgh","ADM_193_25",0
"1262",1262,"Nautilus","NMM ADM/L/N172",0
"1263",1263,"Nautilus","NMM ADM/L/N51",0
"1264",1264,"Nautilus","NMM ADM/L/N53b",0
"1265",1265,"Nederlands Welvaren","MMR_WAE191",0
"1266",1266,"Nederwaard","Extract E, Reis 3, p.19-27",0
"1267",1267,"Neerlands Indië","Extract M, Reis 26, p.58-65",0
"1268",1268,"Neerlands Koning","Extract B, Reis 10",0
"1269",1269,"Neerlands Koning","Extract B, Reis 18, p.266-268A",0
"1270",1270,"Neerlands Koning","Extract B, Reis 18, p.269-273",0
"1271",1271,"Neerlands Koning","Extract L, Reis 1",0
"1272",1272,"Nehalennia","Extract T, Reis 18a, p.154-159",0
"1273",1273,"Nehalennia","Extract T, Reis 18b, p.160-164",0
"1274",1274,"Nehalennia","MAR_D23905_3277",0
"1275",1275,"Nehalennia","MAR_D23905_3278",0
"1276",1276,"Nehalennia","Extract T, Reis 18a, p.154-159",1
"1277",1277,"Nehalennia","Extract T, Reis 18b, p.160-164",1
"1278",1278,"Neptune","NMM ADM/L/N69b",0
"1279",1279,"Nereide","NMM ADM/L/N53b",0
"1280",1280,"Nereide","NMM ADM/L/N69b",0
"1281",1281,"Newcastle","NMM ADM/L/N101",0
"1282",1282,"Newcastle","PRO ADM 51/3315",0
"1283",1283,"Nieuw Lekkerland","Extract Y, Reis 29, p.264-270",0
"1284",1284,"Nieuw Lekkerland","Extract Y, Reis 6a, p.46-53",0
"1285",1285,"Nieuw Lekkerland","Extract Z, Reis 11, p.120-125",0
"1286",1286,"Nieuw Lekkerland","Extract Z, Reis 24, p.268-274",0
"1287",1287,"Nieuw Lekkerland","Extract Z, Reis 6, p.65-71",0
"1288",1288,"Nieuwe Hoop","MCC_20_830",0
"1289",1289,"Nieuwe Hoop","MCC_20_837",0
"1290",1290,"Nieuwe Hoop","MCC_20_842",0
"1291",1291,"Nieuwe Hoop","MCC_20_858",0
"1292",1292,"Niger","NMM ADM/L/N113",0
"1293",1293,"Niger","NMM ADM/L/N172",0
"1294",1294,"Nimph","ADM_190_3",0
"1295",1295,"Nisus","NMM RUSI/NM/180/10",0
"1296",1296,"Nisus","NMM RUSI/NM/180/9",0
"1297",1297,"Nisus","NMM RUSI/NM/80/11",0
"1298",1298,"No. 12","Cote - 4/JJ/32",0
"1299",1299,"No. 3","Cote - 4/JJ/13",0
"1300",1300,"No. 8","Cote - 4/JJ/32",0
"1301",1301,"Noordbeveland","AAN_1229_145",0
"1302",1302,"Northumberland","BL L/MAR/B/141",0
"1303",1303,"Northumberland","BL L/MAR/B/141D",0
"1304",1304,"Northumberland","BL L/MAR/B/141E",0
"1305",1305,"Northumberland","BL L/MAR/B/141F",0
"1306",1306,"Norwich","NMM ADM/L/N189",0
"1307",1307,"Norwich","NMM ADM/L/N88",0
"1308",1308,"Nymphe","NMM ADM/L/N210",0
"1309",1309,"Olivier van Noord","Extract C, Reis 6, p.91-105",0
"1310",1310,"Onverwagt","FAM_C22253_3",0
"1311",1311,"Oost-Indië Packet","Extract O, Reis 10, p.74-83",0
"1312",1312,"Orangezaal","ADM_177_1153",0
"1313",1313,"Orangezaal","ADM_177_1239",0
"1314",1314,"Otter","NMM ADM/L/O58",0
"1315",1315,"Oud Haarlem","VOC_152_11422",0
"1316",1316,"Oud Nederland","Extract G, Reis 6, p.142-168",0
"1317",1317,"Pacific","NMM ADM/L/P2",0
"1318",1318,"Palembang","Extract T, Reis 11a, p.93-98",0
"1319",1319,"Palembang","Extract T, Reis 11b, p.99-102",0
"1320",1320,"Palembang","Extract T, Reis 4a, p.33-38",0
"1321",1321,"Palembang","Extract T, Reis 4b, p.39-43",0
"1322",1322,"Palembang","Extract X, Reis 1, p.I-1",0
"1323",1323,"Palembang","MAR_D23905_2266",0
"1324",1324,"Palembang","Extract T, Reis 11a, p.93-98",1
"1325",1325,"Palembang","Extract T, Reis 11b, p.99-102",1
"1326",1326,"Pallas","MAR_D23905_3554",0
"1327",1327,"Pallas","MAR_D23905_3555",0
"1328",1328,"Pallas","NMM ADM/L/P265",0
"1329",1329,"Pallas","NMM ADM/L/P7",0
"1330",1330,"Pallas","PRO ADM 51/666",0
"1331",1331,"Panter","Extract T, Reis 8, p.64-69",0
"1332",1332,"Panter","Extract X, Reis 2, p.I-2",0
"1333",1333,"Panter","MAR_D23905_3562",0
"1334",1334,"Panter","MAR_D23905_3564",0
"1335",1335,"Panter","Extract T, Reis 8, p.64-69",1
"1336",1336,"Panther","ADM_177_1213",0
"1337",1337,"Panther","NMM ADM/L/P19",0
"1338",1338,"Panther","NMM ADM/L/P23",0
"1339",1339,"Panther","NMM ADM/L/P25",0
"1340",1340,"Panther","NMM ADM/L/P26",0
"1341",1341,"Panther","NMM ADM/L/P27",0
"1342",1342,"Pearl","NMM ADM/L/P43",0
"1343",1343,"Pearl","NMM ADM/L/P44",0
"1344",1344,"Pearl","NMM ADM/L/P45",0
"1345",1345,"Pearl","NMM ADM/L/P7",0
"1346",1346,"Pegasus","MAR_D23905_3580",0
"1347",1347,"Pelham","BL L/MAR/B/607C",0
"1348",1348,"Penelope","NMM SPN 10",0
"1349",1349,"Penelope","NMM SPN/9",0
"1350",1350,"Penzance","NMM ADM/L/P209",0
"1351",1351,"Penzance","NMM ADM/L/P93",0
"1352",1352,"Penzance","NMM ADM/L/P96",0
"1353",1353,"PERPETUA","MS. 2024",0
"1354",1354,"Perseus","NMM ADM/L/P143",0
"1355",1355,"Perseverence","BL L/MAR/B/255C",0
"1356",1356,"Perseverence","BL L/MAR/B/255D",0
"1357",1357,"Perseverence","BL L/MAR/B/255E",0
"1358",1358,"Perseverence","BL L/MAR/B/255F",0
"1359",1359,"Phaeton","NMM ADM/L/P109",0
"1360",1360,"Phaeton","PRO ADM/51/3342",0
"1361",1361,"Philadelphia","MCC_20_891",0
"1362",1362,"Philadelphia","MCC_20_896",0
"1363",1363,"Philadelphia","MCC_20_903",0
"1364",1364,"Philadelphia","MCC_20_910",0
"1365",1365,"Philadelphia","MCC_20_916",0
"1366",1366,"Philadelphia","MCC_20_922",0
"1367",1367,"Phoenix","Extract X, Reis 3, p.I-2-6",0
"1368",1368,"Phoenix","FAM_1136_4",0
"1369",1369,"Phoenix","NMM ADM/L/P126",0
"1370",1370,"Phoenix","NMM ADM/L/P128",0
"1371",1371,"Phoenix","NMM ADM/L/P130",0
"1372",1372,"Pickering","A2419(1)_1-300",0
"1373",1373,"Piet Heijn","MAR_D23318_27",0
"1374",1374,"Piet Heijn","MAR_D23318_55",0
"1375",1375,"Plancius","Extract T, Reis 23a, p.230-238",0
"1376",1376,"Plancius","Extract T, Reis 23b, p.239-245",0
"1377",1377,"Plancius","Extract T, Reis 25a, p.255-263",0
"1378",1378,"Plancius","Extract T, Reis 25b, p.264-271",0
"1379",1379,"Plancius","Extract T, Reis 29, p.292-",0
"1380",1380,"Pluto","MAR_D23318_128",0
"1381",1381,"Pluto","NMM ADM/L/P143",0
"1382",1382,"Pocock","BL L/MAR/B/498A",0
"1383",1383,"Pocock","BL L/MAR/B/498E",0
"1384",1384,"PODEROSO","MS. 1621",0
"1385",1385,"PODEROSO","MS. 2235",0
"1386",1386,"PODEROSO","MS. 630",0
"1387",1387,"PODEROSO","MS. 153 (3)",1
"1388",1388,"PODEROSO","MS. 1621",1
"1389",1389,"PODEROSO","MS. 408",2
"1390",1390,"PODEROSO","MS. 2235",3
"1391",1391,"PODEROSO","MS. 1621",4
"1392",1392,"Polanen","AAN_-_1304",0
"1393",1393,"Polanen","GAA_Bibliotheek_M165",0
"1394",1394,"Polanen","AAN_-_1304",1
"1395",1395,"Pollux","ADM_177_1212",0
"1396",1396,"Pollux","MAR_D23318_23",0
"1397",1397,"Pollux","MAR_D23905_3601",0
"1398",1398,"Pollux","VOC_152_11439",0
"1399",1399,"Pomona","NMM ADM/L/P170",0
"1400",1400,"Portland","NMM ADM/L/P208",0
"1401",1401,"Portland","NMM ADM/L/P209",0
"1402",1402,"Portland","NMM ADM/L/P210",0
"1403",1403,"Portland","NMM ADM/L/P211",0
"1404",1404,"Portland","NMM ADM/L/P213",0
"1405",1405,"Postillon","MAR_D23905_3619",0
"1406",1406,"Poulette","NMM ADM/L/P241",0
"1407",1407,"Preston","NMM ADM/L/P2",0
"1408",1408,"Preston","NMM ADM/L/P261",0
"1409",1409,"Preston","NMM ADM/L/P265",0
"1410",1410,"Prince Edward","NMM ADM/L/P374",0
"1411",1411,"Prince Ernest","NMM LOG/M/44",0
"1412",1412,"Prince George","BL L/MAR/B/575A",0
"1413",1413,"Prince Henry","NMM ADM/L/P410",0
"1414",1414,"Prince Rupert","PRO BH1 1599",0
"1415",1415,"Prince Rupert","PRO BH1 1600",0
"1416",1416,"Prince Rupert","PRO BH1 1601",0
"1417",1417,"Prince Rupert","PRO BH1 1602",0
"1418",1418,"Princes Carolina","ADM_177_1157",0
"1419",1419,"Princes Carolina","ADM_177_1158",0
"1420",1420,"Princes Louisa","ADM_177_2415",0
"1421",1421,"Princes Maria Louisa","ADM_177_3371",0
"1422",1422,"Princes Royal Frederique","ADM_177_2417",0
"1423",1423,"Princess Amelia","NMM ADM/L/P211",0
"1424",1424,"Princess Augusta","BL L/MAR/B/590A",0
"1425",1425,"Princess Augusta","BL L/MAR/B/590C",0
"1426",1426,"Princess Augusta","BL L/MAR/B/590D",0
"1427",1427,"PRINCIPE","CORREOS, 191A R4",0
"1428",1428,"PRINCIPE","CORREOS, 191A R5",0
"1429",1429,"PRINCIPE","CORREOS, 191A R6",0
"1430",1430,"PRINCIPE","CORREOS, 191A R7",0
"1431",1431,"PRINCIPE","CORREOS, 191A R8",0
"1432",1432,"PRINCIPE","CORREOS, 191B R1",0
"1433",1433,"PRINCIPE","CORREOS, 191B R2",0
"1434",1434,"PRINCIPE","CORREOS, 274A R1",0
"1435",1435,"PRINCIPE","CORREOS, 274A R10",0
"1436",1436,"PRINCIPE","CORREOS, 274A R11",0
"1437",1437,"PRINCIPE","CORREOS, 274A R12",0
"1438",1438,"PRINCIPE","CORREOS, 274A R13",0
"1439",1439,"PRINCIPE","CORREOS, 274A R14",0
"1440",1440,"PRINCIPE","CORREOS, 274A R15",0
"1441",1441,"PRINCIPE","CORREOS, 274A R16",0
"1442",1442,"PRINCIPE","CORREOS, 274A R2",0
"1443",1443,"PRINCIPE","CORREOS, 274A R3",0
"1444",1444,"PRINCIPE","CORREOS, 274A R4",0
"1445",1445,"PRINCIPE","CORREOS, 274A R5",0
"1446",1446,"PRINCIPE","CORREOS, 274A R6",0
"1447",1447,"PRINCIPE","CORREOS, 274A R7",0
"1448",1448,"PRINCIPE","CORREOS, 274A R8",0
"1449",1449,"PRINCIPE","CORREOS, 274A R9",0
"1450",1450,"Prins Frederik","ADM_195_81",0
"1451",1451,"Prins Frederik","ADM_195_83",0
"1452",1452,"Prins Frederik","MAR_D23905_1419",0
"1453",1453,"Prins Frederik","MAR_D23905_1419",1
"1454",1454,"Prins Frederik der Nederlanden","MAR_D23905_1423",0
"1455",1455,"Prins Frederik Hendrik","MAR_D23905_1418",0
"1456",1456,"Prins Hendrik","Extract M, Reis 2, p.3-4",0
"1457",1457,"Prins Van Oranje","Extract V, Reis 4, p.22-37",0
"1458",1458,"Prins Van Oranje","MAR_D23905_3475",0
"1459",1459,"Prins Veldmaarschalk","Extract 15+, Reis 56, p.14-23",0
"1460",1460,"Prins Veldmaarschalk","Extract H, Reis 11, p.246-272",0
"1461",1461,"Prins Veldmaarschalk","Extract H, Reis 3, p.51-78",0
"1462",1462,"Prins Willem V","MCC_20_962",0
"1463",1463,"Prins Willem V","MCC_20_968",0
"1464",1464,"Prins Willem V","MCC_20_973",0
"1465",1465,"Prins Willem V","MCC_20_994",0
"1466",1466,"Prins Willem V","MCC_20_999",0
"1467",1467,"Prinses Marianne","Extract B, Reis 12",0
"1468",1468,"Prinses Marianne","Extract C, Reis 19, p.242-250",0
"1469",1469,"Propatria","GAD_156_2",0
"1470",1470,"Propatria","GAD_156_7",0
"1471",1471,"Proserpina","MAR_D23318_107",0
"1472",1472,"Proserpine","NMM ADM/L/P268",0
"1473",1473,"Proteus","Extract G, Reis 49, p.190-216",0
"1474",1474,"Proteus","Extract G, Reis 50, p.190-216",0
"1475",1475,"Prothee","NMM ADM/L/P446",0
"1476",1476,"Prudent","NMM ADM/L/P143",0
"1477",1477,"Prudent","NMM ADM/L/P444",0
"1478",1478,"Prudent","NMM ADM/L/P446",0
"1479",1479,"PURISIMA CONCEPCIÓN","MS. 2554",0
"1480",1480,"PURISIMA CONCEPCIÓN","MS. 969",0
"1481",1481,"Pylades","NMM ROB/7",0
"1482",1482,"Quebec","NMM ADM/L/Q1",0
"1483",1483,"Quebec","NMM ADM/L/Q2",0
"1484",1484,"Quebec","PRO ADM 52/1414",0
"1485",1485,"Queen","BL L/MAR/B/356F",0
"1486",1486,"Queen","BL L/MAR/B/356H",0
"1487",1487,"Queen Charlotte","NIWI-F-1576",0
"1488",1488,"Queen Charlotte","PRO BH1 1626",0
"1489",1489,"Queen Charlotte","PRO BH1 1627",0
"1490",1490,"Queen Charlotte","PRO BH1 1628",0
"1491",1491,"Queenborough","NMM ADM/L/Q22",0
"1492",1492,"Racehorse","NMM ADM/L/R1",0
"1493",1493,"Racehorse","NMM ADM/L/R328",0
"1494",1494,"Rainbow","NMM ADM/L/R13",0
"1495",1495,"Rainbow","NMM ADM/L/R8",0
"1496",1496,"Rainbow","PRO ADM 51/760",0
"1497",1497,"Raisonable","NMM ADM/L/R28",0
"1498",1498,"Raisonable","NMM ADM/L/R60",0
"1499",1499,"Ramilles","NMM ADM/L/R60",0
"1500",1500,"Ramilles","NMM LOG/N/R/32",0
"1501",1501,"Rattler","NMM ADM/L/R61",0
"1502",1502,"Rattlesnake","NMM ADM/L/R57",0
"1503",1503,"Rattlesnake","NMM ADM/L/R60",0
"1504",1504,"Rattlesnake","NMM ADM/L/R61",0
"1505",1505,"Raven","NMM ADM/L/R65",0
"1506",1506,"Raymond","BL L/MAR/B/453A",0
"1507",1507,"Raymond","BL L/MAR/B/453B",0
"1508",1508,"Regulus","NMM ADM/L/R81",0
"1509",1509,"Regulus","NMM LOG/N/R/16",0
"1510",1510,"Reliance","NMM ADM/L/R73",0
"1511",1511,"Reliance","NMM ADM/L/R79B",0
"1512",1512,"Rembrandt van Rhijn","Extract O, Reis 3, p.14a-18a",0
"1513",1513,"Rendier","I-043",0
"1514",1514,"Renown","NMM ADM/L/R75",0
"1515",1515,"Renown","NMM ADM/L/R78",0
"1516",1516,"Repulse","NMM LOG/C/70",0
"1517",1517,"Resistance","NMM ADM/L/R40",0
"1518",1518,"RESOLUCION Y AVENTURA","MS. 272 DOC 13",0
"1519",1519,"RESOLUCION Y AVENTURA","MS. 272 DOC 13",1
"1520",1520,"Resolution","NMM ADM/L/R99",0
"1521",1521,"Resolution","NMM Beaglehole",0
"1522",1522,"Resource","NMM ADM/L/R84",0
"1523",1523,"Revolutie","FAM_C22253_7",0
"1524",1524,"Revolutie","MAR_D23318_58",0
"1525",1525,"Rhijn","Extract M, Reis 25, p.49-57",0
"1526",1526,"Rhijn","Extract O, Reis 2, p.9a-13a",0
"1527",1527,"Rhijn","Extract O, Reis 4, p.37",0
"1528",1528,"Rhoon en Pendrecht","Extract D, Reis 4a",0
"1529",1529,"Rhoon en Pendrecht","Extract D, Reis 4b",0
"1530",1530,"Rhoon en Pendrecht","Extract W, Reis 20, p.145-150",0
"1531",1531,"Rippon","NMM ADM/L/R381",0
"1532",1532,"Rippon","NMM ADM/L/R99",0
"1533",1533,"RL. CARLOS","MS. 1491",0
"1534",1534,"Roebuck","NMM ADM/L/R160",0
"1535",1535,"Romney","NMM ADM/L/J147",0
"1536",1536,"Romney","NMM ADM/L/R199",0
"1537",1537,"Romney","NMM ADM/L/R205",0
"1538",1538,"Rose","NMM ADM/L/R216",0
"1539",1539,"Rose","NMM LOG/C/23",0
"1540",1540,"Rotterdam","ADM_177_1177",0
"1541",1541,"Rotterdam","Extract B, Reis 8",0
"1542",1542,"Rotterdam","Extract B, Reis 8a, p.102-111",0
"1543",1543,"Rotterdam","Extract B, Reis 8b, p.112-140",0
"1544",1544,"Rotterdam","Extract T, Reis 12, p.103-107",0
"1545",1545,"Rotterdam","MAR_D23905_3696",0
"1546",1546,"Rotterdam","Extract T, Reis 7, p.59-63",1
"1547",1547,"Rotterdams Welvaren","Extract D, Reis 1, p.1-43",0
"1548",1548,"Royal Admiral","BL L/MAR/B/338F",0
"1549",1549,"Royal Charlotte","BL L/MAR/B/150J",0
"1550",1550,"Royal Charlotte","BL L/MAR/B/150K",0
"1551",1551,"Royal Charlotte","BL L/MAR/B/150L",0
"1552",1552,"Royal George","BL L/MAR/B/17D",0
"1553",1553,"Royal Oak","NMM ADM/L/O11",0
"1554",1554,"Ruby","NMM ADM/L/R328",0
"1555",1555,"Ruby","NMM ADM/L/R331",0
"1556",1556,"Ruby","NMM ADM/L/R99",0
"1557",1557,"Rupel","HUA_498_24_14",0
"1558",1558,"Rupel","MAR_D23905_3845",0
"1559",1559,"Rupel","MAR_D23905_3847",0
"1560",1560,"Rupel","MAR_D23905_3847",1
"1561",1561,"Rye","NMM ADM/L/R376",0
"1562",1562,"Saldanha","NMM ADM/L/S8",0
"1563",1563,"Salisbury","BL L/MAR/B/478C",0
"1564",1564,"Salisbury","NMM ADM/L/S29",0
"1565",1565,"Salisbury","NMM ADM/L/S33",0
"1566",1566,"Saltash","NMM ADM/L/S39",0
"1567",1567,"Saltash","NMM ADM/L/S40",0
"1568",1568,"Sambre","Extract 17+, Reis 20",0
"1569",1569,"Sambre","MAR_D23905_3948",0
"1570",1570,"SAN ANTONIO","MS. 620",0
"1571",1571,"SAN ANTONIO","MS. 099 DOC 5",1
"1572",1572,"SAN CARLOS","MS. 271 DOC 16",0
"1573",1573,"SAN DÁMASO","MS. 153 (2)",0
"1574",1574,"SAN DÁMASO","MS. 213",0
"1575",1575,"SAN DÁMASO","MS. 213",1
"1576",1576,"San Fernando","CORREOS, 193B R1",0
"1577",1577,"San Fernando","CORREOS, 193B R11",0
"1578",1578,"San Fernando","CORREOS, 193B R2",0
"1579",1579,"San Fernando","CORREOS, 193B R3",0
"1580",1580,"San Fernando","CORREOS, 193B R4",0
"1581",1581,"San Fernando","CORREOS, 193B R5",0
"1582",1582,"San Fernando","CORREOS, 193B R6",0
"1583",1583,"San Fernando","CORREOS, 193B R7",0
"1584",1584,"San Fernando","CORREOS, 193B R8",0
"1585",1585,"San Fernando","CORREOS, 193B R9",0
"1586",1586,"SAN FRANCISCO XAVIER","MS. 241",0
"1587",1587,"SAN GIL","MS. 180",0
"1588",1588,"SAN ISIDORO","MS. 2506_014",0
"1589",1589,"SAN JAIME (EL VALENCIANO)","MS. 179 (3)",0
"1590",1590,"SAN JOSE","MS. 156 DOC 002",0
"1591",1591,"SAN JOSE","MS. 156 DOC 004",0
"1592",1592,"SAN JOSE EL PERUANO","MS. 271 DOC 11",0
"1593",1593,"SAN JOSEF","MS. 406",0
"1594",1594,"SAN JOSEPH","MS. 172 (1)",0
"1595",1595,"SAN JOSEPH (PODEROSO)","MS. 2005",0
"1596",1596,"SAN JUAN BAUTISTA","MS. 245",0
"1597",1597,"SAN JULIAN","MS. 168 (2)",0
"1598",1598,"SAN JULIAN","MS. 2057",0
"1599",1599,"SAN JULIAN","MS. 235",1
"1600",1600,"SAN JULIAN","MS. 626",2
"1601",1601,"SAN JULIAN","MS. 2022",3
"1602",1602,"SAN JUSTO","MS. 1689",0
"1603",1603,"SAN LORENZO","MS. 936",0
"1604",1604,"SAN LORENZO","MS. 271 DOC 9",1
"1605",1605,"SAN LORENZO","MS. 952",2
"1606",1606,"SAN PABLO (ALIAS LA FAVORITA)","MS. 179 (2)",0
"1607",1607,"SAN PASCUAL","MS. 1689",0
"1608",1608,"SAN PEDRO","MS. 344 DOC 6 (1)",0
"1609",1609,"SAN PEDRO APOSTOL","MS. 344 DOC 6 (4)",0
"1610",1610,"SAN PEDRO DE ALCANTARA","MS. 176 (23)",0
"1611",1611,"SAN PEDRO DE ALCANTARA","MS. 941",0
"1612",1612,"San Pedro y San Pablo","CORREOS, 192B R1",0
"1613",1613,"SAN PIO","MS. 099 DOC 3",0
"1614",1614,"SAN RAFAEL","MS. 110 DOC 5",0
"1615",1615,"SAN RAFAEL","MS. 110 DOC 5 (2)",0
"1616",1616,"SAN RAFAEL","MS. 110 DOC 5 (3)",0
"1617",1617,"SAN RAFAEL","MS. 111 DOC 2 (1)",0
"1618",1618,"SAN RAFAEL","MS. 111 DOC 2 (2)",0
"1619",1619,"SAN RAFAEL","MS. 272  DOC 5",0
"1620",1620,"SAN VICENTE","MS. 110 DOC 3",0
"1621",1621,"SAN VICENTE","MS. 1689",0
"1622",1622,"Sandwich","BL L/MAR/B/606B",0
"1623",1623,"Sans Parcil","NMM ADM/L/S76",0
"1624",1624,"SANT JOSEPH","MS. 173 (3)",0
"1625",1625,"SANTA ANA","MS. 168 (6)",0
"1626",1626,"SANTA BALVINA","MS. 1625",0
"1627",1627,"SANTA BALVINA","MS. 219",1
"1628",1628,"SANTA BÁRBARA","MS. 110 DOC 6",0
"1629",1629,"SANTA BIBIANA","MS. 152",0
"1630",1630,"SANTA CASILDA Y SANTA EULALIA","MS. 616bis",0
"1631",1631,"SANTA CLARA","MS. 2251",0
"1632",1632,"SANTA ELENA","MS. 1689",0
"1633",1633,"SANTA EULALIA","MS. 164",0
"1634",1634,"SANTA GERTRUDIS","MS. 110 DOC 4",0
"1635",1635,"SANTA GERTRUDIS","MS. 172 (3)",0
"1636",1636,"SANTA GERTRUDIS","MS. 2253",0
"1637",1637,"SANTA LUCIA","MS. 735 BIS",0
"1638",1638,"SANTA MARGARITA","MS. 173 (5)",0
"1639",1639,"SANTA MARGARITA","MS. 958",1
"1640",1640,"SANTA MARÍA DE LA CAVEZA","MS. 1521",0
"1641",1641,"SANTA MARÍA DE LA CAVEZA","MS. 615",1
"1642",1642,"SANTA MARIA MAGDALENA","MS. 1795",0
"1643",1643,"SANTA MARIA MAGDALENA","MS. 2021",1
"1644",1644,"SANTA MARIA MAGDALENA","MS. 627",2
"1645",1645,"SANTA PERPETUA","MS. 204",0
"1646",1646,"SANTA ROSALÍA","MS. 173 (3)",0
"1647",1647,"SANTA ROSALÍA","MS. 1772",0
"1648",1648,"SANTA TERESA","MS. 1621",0
"1649",1649,"SANTA TERESA (ALIAS DRAGON)","MS. 2087",0
"1650",1650,"SANTA TERESA DE JESÚS","MS. 170",0
"1651",1651,"SANTIAGO","MS. 272 DOC 8",0
"1652",1652,"SANTISIMA TRINIDAD","MS. 272 DOC 15",0
"1653",1653,"SANTISIMO SACRAMENTO","MS. 099 DOC 2",0
"1654",1654,"SANTO CRISTO DEL CALVARIO","MS. 245",0
"1655",1655,"SANTO DOMINGO","MS. 173 (1)",0
"1656",1656,"SANTO DOMINGO","MS. 204",0
"1657",1657,"SANTO DOMINGO","MS. 522",0
"1658",1658,"SANTO DOMINGO","MS. 173 (1)",1
"1659",1659,"SANTO DOMINGO","MS. 2235",1
"1660",1660,"SANTO DOMINGO","MS. 173 (2)",2
"1661",1661,"SANTO DOMINGO","MS. 522",3
"1662",1662,"Saparoea","MAR_D23905_3951",0
"1663",1663,"Saphire","NMM ADM/L/S243",0
"1664",1664,"Sara Johanna","Extract B, Reis 2",0
"1665",1665,"Sara Lydia","Extract B, Reis 11, p.194-199",0
"1666",1666,"Sara Lydia","Extract B, Reis 9, p.141-183",0
"1667",1667,"Sardine","NMM ADM/L/S204",0
"1668",1668,"Scarborough","NMM ADM/L/S543",0
"1669",1669,"Sceptre","NMM ADM/L/S175",0
"1670",1670,"Schagen","HUA_280",0
"1671",1671,"Schiedam","ADM_177_1158",0
"1672",1672,"Schiedam","FAM_C22253_2",0
"1673",1673,"Schiedam","MNL_Walvisarchief_1",0
"1674",1674,"Schiedam","MNL_Walvisarchief_2",0
"1675",1675,"Scholtenburg","VOC_152_5134",0
"1676",1676,"Schorpioen","Extract M, Reis 28, p.78-79",0
"1677",1677,"Scipio","ADM_177_1229",0
"1678",1678,"Scipio","ADM_177_1256",0
"1679",1679,"Scipio","MAR_D23318_21",0
"1680",1680,"Scorpion","NMM ADM/L/S181",0
"1681",1681,"Scorpion","NMM ADM/L/S185",0
"1682",1682,"Scorpion","NMM ADM/L/S186",0
"1683",1683,"Scorpion","NMM ADM/L/S382",0
"1684",1684,"Scourge","NMM ADM/L/S188",0
"1685",1685,"Seaford","NMM ADM/L/S202",0
"1686",1686,"Seaford","NMM ADM/L/S203",0
"1687",1687,"Seaford","NMM ADM/L/S205",0
"1688",1688,"Seahorse","NMM ADM/L/S184",0
"1689",1689,"Seahorse","NMM ADM/L/S218",0
"1690",1690,"Seahorse","NMM ADM/L/S219A",0
"1691",1691,"Seahorse","NMM ADM/L/S221",0
"1692",1692,"Seahorse","NMM ADM/L/S222",0
"1693",1693,"Seahorse","NMM ADM/L/S223",0
"1694",1694,"Seahorse","PRO BH1 1632",0
"1695",1695,"Seahorse","PRO BH1 1633",0
"1696",1696,"Seahorse","PRO BH1 1634",0
"1697",1697,"Seine","MLN/8",0
"1698",1698,"Senegal","NMM ADM/L/S225",0
"1699",1699,"Senegal","NMM ADM/L/S543",0
"1700",1700,"SERIO","MS. 932",0
"1701",1701,"Serpent","MAR_D23318_111",0
"1702",1702,"Severn","NMM ADM/L/S239",0
"1703",1703,"Severn","NMM ADM/L/S240",0
"1704",1704,"Severn","NMM ADM/L/S242",0
"1705",1705,"'s-Gravenhage","Extract Y, Reis 8, p.74-80",0
"1706",1706,"Shaftesbury","BL L/MAR/B/610E-F",0
"1707",1707,"Shannon","NMM ADM/L/S246",0
"1708",1708,"Sheerness","NMM ADM/L/S264",0
"1709",1709,"Sheerness","NMM ADM/L/S266",0
"1710",1710,"Sheerness","PRO ADM 51/901",0
"1711",1711,"Shoreham","NMM ADM/L/S277",0
"1712",1712,"Sirene","MAR_D23905_4061",0
"1713",1713,"Sirene","MAR_D23905_4063",0
"1714",1714,"Sloterdijk","VOC_152_5130",0
"1715",1715,"Snelheid","ADM_177_3376",0
"1716",1716,"Snoek","GAA_Bibliotheek_M165",0
"1717",1717,"Snoek en Both","WIC_119_1038",0
"1718",1718,"Soerabaya","Extract C, Reis 2",0
"1719",1719,"Somerset","BL L/MAR/B/626D",0
"1720",1720,"Somerset","NMM ADM/L/S223",0
"1721",1721,"Somerset","NMM ADM/L/S411",0
"1722",1722,"Soolo","Extract G, Reis 4, p.170-188",0
"1723",1723,"Soolo","Extract G, Reis 56, p.104-132",0
"1724",1724,"Soolo","Extract G, Reis 57, p.103-116",0
"1725",1725,"Soolo","Extract G, Reis V1, p.133-140",0
"1726",1726,"Southampton","NMM ADM/L/S344",0
"1727",1727,"Spaarzaamheid","GAA_Bibliotheek_M165",0
"1728",1728,"Spartiate","NMM LOG/N/M/5",0
"1729",1729,"Speedwell","NMM ADM/L/S369",0
"1730",1730,"Sphinx","NMM ADM/L/S382",0
"1731",1731,"Sphynx","NMM ADM/L/S358",0
"1732",1732,"Spion","MAR_D23318_92",0
"1733",1733,"Spy","NMM ADM/L/S240",0
"1734",1734,"Squirrel","NMM ADM/L/S409",0
"1735",1735,"St Albans","NMM ADM/L/S100",0
"1736",1736,"St Maartensdijk","ADM_193_73",0
"1737",1737,"St Vincent","NMM LOG/M/44",0
"1738",1738,"Staatsraad Baud","Extract O, Reis 20, p.195-203",0
"1739",1739,"Stad Utrecht","Extract M, Reis 31, p.96-98",0
"1740",1740,"Stad Utrecht","Extract O, Reis 7a, p.32a-11",0
"1741",1741,"Stad Utrecht","Extract O, Reis 7b, p.12-50",0
"1742",1742,"Stad Zierikzee","Extract P, Reis 13a, p.227-257",0
"1743",1743,"Stad Zierikzee","Extract P, Reis 13b, p.258-269",0
"1744",1744,"Stad Zierikzee","Extract P, Reis 13c, p.270-281",0
"1745",1745,"Stag","NMM ADM/L/S35",0
"1746",1746,"Stag","NMM ADM/L/S425",0
"1747",1747,"Standard","NMM ADM/L/S359",0
"1748",1748,"Standvastigheid","MCC_20_1070",0
"1749",1749,"Star","NMM ADM/L/S398",0
"1750",1750,"Star","NMM ADM/L/S426",0
"1751",1751,"Star","NMM ADM/L/S80",0
"1752",1752,"Star","VOC_152_11438",0
"1753",1753,"Stavenisse","VOC_152_11424",0
"1754",1754,"Stirling Castle","NMM LOG/N/S/5",0
"1755",1755,"Stork","NMM ADM/L/S8",0
"1756",1756,"Straalen","VOC_152_5140",0
"1757",1757,"Straat Bali","Extract O, Reis 11, p.83-92",0
"1758",1758,"Streatham","BL L/MAR/B/605H",0
"1759",1759,"Success","NMM ADM/L/S478",0
"1760",1760,"Suffolk","NMM ADM/L/S497",0
"1761",1761,"Sumatra","MAR_D23905_2226",0
"1762",1762,"Superb","NMM LOG/N/R/32",0
"1763",1763,"Suriname","MAR_D23905_4307",0
"1764",1764,"Suriname","MAR_D23905_4308",0
"1765",1765,"Suriname","MMR_WAE187",0
"1766",1766,"Surprise","NMM ADM/L/S217",0
"1767",1767,"Surprise","NMM ADM/L/S548",0
"1768",1768,"Surprize","NMM ADM/L/S543",0
"1769",1769,"Surprize","NMM ADM/L/S545",0
"1770",1770,"Surseance","VOC_152_11436",0
"1771",1771,"Susanna","Extract M, Reis 37, p.143-150",0
"1772",1772,"Susanna","Extract O, Reis 5, p.47",0
"1773",1773,"Swallow","NMM ADM/L/S223",0
"1774",1774,"Swallow","NMM ADM/L/S567",0
"1775",1775,"Swallow","NMM ADM/L/S568",0
"1776",1776,"Swallow","NMM ADM/L/S569",0
"1777",1777,"Swan","NMM ADM/L/S583",0
"1778",1778,"Swift","NMM ADM/L/S594",0
"1779",1779,"Swift","NMM ADM/L/S596",0
"1780",1780,"Swiftsure","NMM ADM/L/S597",0
"1781",1781,"Sybille","NMM ADM/L/S616",0
"1782",1782,"Syren","NMM ADM/L/S182",0
"1783",1783,"Syren","NMM ADM/L/S619",0
"1784",1784,"Syren","NMM ADM/L/S624",0
"1785",1785,"Tartar","NMM ADM/L/T17",0
"1786",1786,"Tartar","PRO ADM 51/971",0
"1787",1787,"Tempel","VOC_152_5137",0
"1788",1788,"Tenerife","CORREOS, 194B R3",0
"1789",1789,"Tenerife","CORREOS, 194B R4",0
"1790",1790,"Ternate","Extract B, Reis 4, p.60-80",0
"1791",1791,"Ternate","Extract C, Reis 1a, p.2-6",0
"1792",1792,"Ternate","Extract C, Reis 1b, p.7-36",0
"1793",1793,"Ternate","Extract C, Reis 1c, p.37-53",0
"1794",1794,"Ternate","Extract C, Reis 4, p.67-76",0
"1795",1795,"Terpsichore","NMM ADM/L/T260",0
"1796",1796,"Terpsichore","NMM ADM/L/T50",0
"1797",1797,"TERRIBLE","MS. 2554",0
"1798",1798,"Thames","NMM ADM/L/T73",0
"1799",1799,"Thames","NMM ADM/L/T82",0
"1800",1800,"Thames","NMM LOG/C/22",0
"1801",1801,"Thames","PRO L/MAR/B/8G",0
"1802",1802,"Theodora en Sara","Extract O, Reis 27, p.273-283",0
"1803",1803,"Thetis","ADM_177_2421",0
"1804",1804,"Thetis","ADM_193_26",0
"1805",1805,"Thetis","NMM ADM/L/T93",0
"1806",1806,"Thisbe","NMM ADM/L/T73",0
"1807",1807,"Tigris","BL L/MAR/B/219D",0
"1808",1808,"Tigris","BL L/MAR/B/219E",0
"1809",1809,"Tigris","BL L/MAR/B/219F",0
"1810",1810,"Tigris","BL L/MAR/B/219G",0
"1811",1811,"Tilbury","BL L/MAR/B/551A",0
"1812",1812,"Tilbury","BL L/MAR/B/551B",0
"1813",1813,"Tilbury","BL L/MAR/B/551C",0
"1814",1814,"Tilbury","BL L/MAR/B/551D",0
"1815",1815,"Torrington","NMM ADM/L/T193",0
"1816",1816,"Townsend","NMM NAI/3/17",0
"1817",1817,"Travers","BL L/MAR/B/279B",0
"1818",1818,"Travers","BL L/MAR/B/279C",0
"1819",1819,"Tremendous","NMM ADM/L/T201",0
"1820",1820,"Tremendous","NMM ADM/L/T202",0
"1821",1821,"Trent","NMM ADM/L/T203",0
"1822",1822,"Trident","NMM ADM/L/T237",0
"1823",1823,"Triton","MMR_H515",0
"1824",1824,"Triton","NMM ADM/L/T242",0
"1825",1825,"Triton","NMM ADM/L/T248",0
"1826",1826,"Tromp","MAR_D23318_49",0
"1827",1827,"Tromp","MAR_D23905_4502",0
"1828",1828,"Tromp","NMM ADM/L/T260",0
"1829",1829,"True Briton","NMM CAL/201",0
"1830",1830,"Trusty","NMM ADM/L/T149",0
"1831",1831,"Trusty","NMM ADM/L/T264",0
"1832",1832,"Tryal","NMM ADM/L/T215",0
"1833",1833,"Tryal","NMM ADM/L/T218",0
"1834",1834,"Twee Cornelissen","Extract B, Reis 7",0
"1835",1835,"Twee Cornelissen","Extract C, Reis 18, p.237-242",0
"1836",1836,"Twee Cornelissen","Extract M, Reis 24, p.32-48",0
"1837",1837,"Tweed","NMM ADM/L/T269",0
"1838",1838,"Tweed","NMM HTN/1/A",0
"1839",1839,"Tweed","NMM LOG/N/B/2",0
"1840",1840,"Ulysses","NMM ADM/L/V111",0
"1841",1841,"Unie","VOC_152_11428",0
"1842",1842,"Union","PRO ADM 51/3997",0
"1843",1843,"Unite","NMM ADM/L/V111",0
"1844",1844,"Unknown-01","Extract H, Reis 2, p.26-50",0
"1845",1845,"Unknown-03","ADM_177_2417",0
"1846",1846,"Unknown-04","Extract G, Reis 41",0
"1847",1847,"Unknown-05","Extract G, Reis 42",0
"1848",1848,"Unknown-06","Extract G, Reis 3",0
"1849",1849,"Unknown-07","Extract G, Reis N53, p.78-86",0
"1850",1850,"Unknown-07","Extract G, Reis N54, p.90-102",0
"1851",1851,"Unknown-08","Extract H, Reis 7, p.150-177",0
"1852",1852,"Unknown-09","Extract H, Reis 12, p.273-295",0
"1853",1853,"Unknown-10","Extract G, Reis N51, p.220-238",0
"1854",1854,"Unknown-11","Extract G, 15-16, p.240-261",0
"1855",1855,"Utrecht","FAM_1136_124",0
"1856",1856,"Utrecht","FAM_1136_40",0
"1857",1857,"Utrecht","FAM_1136_41",0
"1858",1858,"Utrecht","FAM_1136_97",0
"1859",1859,"Valentine","BL L/MAR/B/452D",0
"1860",1860,"Valentine","BL L/MAR/B/452F",0
"1861",1861,"Valentine","MMR_H98",0
"1862",1862,"Valk","ADM_177_1239",0
"1863",1863,"Valk","MAR_D23905_4661",0
"1864",1864,"Van der Palm","Extract V, Reis 21, p.201-212",0
"1865",1865,"Van der Werff","MAR_D23905_4898",0
"1866",1866,"Van Oldenbarneveld","Extract C, Reis 5",0
"1867",1867,"Van Speyk","MAR_D23905_4150",0
"1868",1868,"Vanguard","NMM ADM/L/V138",0
"1869",1869,"Vansittart","BL L/MAR/B/46B",0
"1870",1870,"Vasco de Gama","FAM_C22253_16",0
"1871",1871,"Vasco de Gama","FAM_C22253_17",0
"1872",1872,"Veere","MMR_H692",0
"1873",1873,"Veere","VOC_152_11425",0
"1874",1874,"Venus","Extract X, Reis 8, p.I-17-25",0
"1875",1875,"Venus","MAR_D23905_4692",0
"1876",1876,"Venus","MAR_D23905_4693",0
"1877",1877,"Venus","MAR_D23905_4694",0
"1878",1878,"Venus","MAR_D23905_4695",0
"1879",1879,"Vergenoegen","MCC_20_1092",0
"1880",1880,"Vergenoegen","MCC_20_1097",0
"1881",1881,"Vergenoegen","MCC_20_1103",0
"1882",1882,"Vergenoegen","MMR_MER_H100",0
"1883",1883,"Vergenoegen","MCC_20_1103",1
"1884",1884,"Verwachting","MMR_H692",0
"1885",1885,"Vestal","PRO ADM 52/1498",0
"1886",1886,"Victor","NMM ADM/L/V65",0
"1887",1887,"Victorious","NMM ADM/L/V65",0
"1888",1888,"Viegelantie","MCC_20_1125",0
"1889",1889,"Vigilant","NMM ADM/L/V69",0
"1890",1890,"VIVIANA","MS. 152",0
"1891",1891,"Vlieg","1993.1432_I-045",0
"1892",1892,"Vliegende Faam","MCC_20_1153",0
"1893",1893,"Vliegende Faam","MCC_20_1160",0
"1894",1894,"Vliegende Faam","MCC_20_1166",0
"1895",1895,"Vliegende Faam","MCC_20_1172",0
"1896",1896,"Vliegende Faam","MCC_20_1179",0
"1897",1897,"Vliegende Faam","MCC_20_1184",0
"1898",1898,"Vliegende Faam","MCC_20_1189",0
"1899",1899,"Vliegende Faam","MCC_20_1193",0
"1900",1900,"Vliegende Faam","WIC_115_1022",0
"1901",1901,"Vliegende Visch","MAR_D23318_52",0
"1902",1902,"Vlietlust","GAA_Bibliotheek_M165",0
"1903",1903,"Vlietlust","VOC_152_11419",0
"1904",1904,"Vlijt","VOC_152_11435",0
"1905",1905,"Vr. Elisabeth & Anna Catherina","GAA_Bibliotheek_M951_78",0
"1906",1906,"Vrede","MAR_D23318_116",0
"1907",1907,"Vreedenburg","VOC_152_5141",0
"1908",1908,"Vreedenburg","VOC_152_5141",1
"1909",1909,"Vrouw Maria Cornelia","VOC_152_11434",0
"1910",1910,"Vrouw Maria Geertruida","WIC_115_1023",0
"1911",1911,"Vrouwe Anthonetta Coenrardina","MMR_VOC_H491",0
"1912",1912,"Vrouwe Cornelia Hillegonda","VOC_152_5135",0
"1913",1913,"Vrouwe Johanna Catharina","MMR_WAE187",0
"1914",1914,"Vrouwe Johanna Cores","MCC_20_1202",0
"1915",1915,"Vrouwe Johanna Cores","MCC_20_1208",0
"1916",1916,"Vrouwe Johanna Cores","MCC_20_1217",0
"1917",1917,"Vrouwe Johanna Cores","MCC_20_1234",0
"1918",1918,"Vrouwe Johanna Cores","MCC_20_1239",0
"1919",1919,"Vrouwe Johanna Cores","MCC_20_1246",0
"1920",1920,"Vrouwe Johanna Cores","MCC_20_1252",0
"1921",1921,"Vrouwe Margaretha Maria","VOC_152_5136",0
"1922",1922,"Vrouwe Maria","MAR_D23318_42",0
"1923",1923,"Vrouwe Maria","MAR_D23318_43",0
"1924",1924,"Vulture","NMM ADM/L/V124",0
"1925",1925,"Walmer Castle","BL L/MAR/B/181D",0
"1926",1926,"Walmer Castle","BL L/MAR/B/181E",0
"1927",1927,"Walpole","BL L/MAR/B/293H",0
"1928",1928,"Walpole","BL L/MAR/B/293M",0
"1929",1929,"Walpole","BL L/MAR/B/293N",0
"1930",1930,"Walpole","BL L/MAR/B/293Q",0
"1931",1931,"Walpole","BL L/MAR/B/293R",0
"1932",1932,"Walvisch","Extract O, Reis 24, p.233-246",0
"1933",1933,"Walvisch","Extract O, Reis 26, p.262-272",0
"1934",1934,"Walvisch","Extract O, Reis 28, p.284-",0
"1935",1935,"Walvisch","Extract P, Reis 2a, p.11-19",0
"1936",1936,"Walvisch","Extract P, Reis 2b, p.20-28",0
"1937",1937,"Walvisch","Extract P, Reis 5, p.51-60",0
"1938",1938,"Walvisch","Extract P, Reis 7, p.70-78",0
"1939",1939,"Warley","NMM DUD/14",0
"1940",1940,"Warley","NMM DUD/15",0
"1941",1941,"Warren","BL L/MAR/B/571",0
"1942",1942,"Warren Hastings","NMM LOG/C/31",0
"1943",1943,"Warwick","NMM ADM/L/W26",0
"1944",1944,"Warwick","NMM ADM/L/W28",0
"1945",1945,"Wassenaar","ADM_177_1203",0
"1946",1946,"Watergeus","Extract Y, Reis 30, p.271-279",0
"1947",1947,"Waterloo","MAR_D23905_4897",0
"1948",1948,"Weazle","NMM ADM/L/W162",0
"1949",1949,"Weazle","NMM ADM/L/W164",0
"1950",1950,"Weazle","NMM ADM/L/W45",0
"1951",1951,"Weazle","NMM ADM/L/W46",0
"1952",1952,"Welgeleegen","GAA_Bibliotheek_M951_59",0
"1953",1953,"Welmeenende","MCC_20_1302",0
"1954",1954,"Welmeenende","MCC_20_1312",0
"1955",1955,"Wesel","VOC_152_5089",0
"1956",1956,"Westerveld","GAA_Bibliotheek_M951_79",0
"1957",1957,"Westerveld","VOC_152_11418",0
"1958",1958,"Weymouth","NMM ADM/L/W64",0
"1959",1959,"Wilhelmina","ADM_180_VII-2",0
"1960",1960,"Wilhelmina","MAR_D23905_4918",0
"1961",1961,"Wilhelmina en Maria","I-225",0
"1962",1962,"Wilhelmina Lucia","Extract M, Reis 34, p.117-124",0
"1963",1963,"Willem","Extract W, Reis 19, p.136-144",0
"1964",1964,"Willem Barendsz","Extract 15+, Reis 65a, p.83-92",0
"1965",1965,"Winchelsea","NMM ADM/L/W92",0
"1966",1966,"Windham","NMM UPN/S",0
"1967",1967,"Windhond","ADM_177_1200",0
"1968",1968,"Windhond","MAR_D23905_4961",0
"1969",1969,"Windsor","PRO ADM 52/1500",0
"1970",1970,"Witte Cornelisz de Wit","Extract 15+, Reis 58",0
"1971",1971,"Wolf","MAR_D23318_104",0
"1972",1972,"Woolwich","NMM ADM/L/W147",0
"1973",1973,"Woolwich","NMM ADM/L/W148",0
"1974",1974,"Woolwich","NMM ADM/L/W153",0
"1975",1975,"Worcester","BL L/MAR/B/278D",0
"1976",1976,"Worcester","BL L/MAR/B/278E",0
"1977",1977,"Worcester","BL L/MAR/B/278F",0
"1978",1978,"Worcester","BL L/MAR/B/278G",0
"1979",1979,"Yarmouth","NMM ADM/L/W183",0
"1980",1980,"Yarmouth","NMM ADM/L/Y25",0
"1981",1981,"York","BL L/MAR/B/237K",0
"1982",1982,"York","BL L/MAR/B/237L",0
"1983",1983,"York","BL L/MAR/B/237M",0
"1984",1984,"York","BL L/MAR/B/237O",0
"1985",1985,"Yorke","PRO SDM/51/4402",0
"1986",1986,"Ystroom","VOC_152_11432",0
"1987",1987,"Zaan","Extract 1+, Reis 1, p.1-6",0
"1988",1988,"Zaan","Extract E, Reis 6",0
"1989",1989,"Zaan","MAR_D23905_5095",0
"1990",1990,"Zaan","Extract E, Reis 6",1
"1991",1991,"Zanggodin","MCC_20_1369",0
"1992",1992,"Zanggodin","MCC_20_1385",0
"1993",1993,"Zanggodin","MCC_20_1391",0
"1994",1994,"Zeeland","VOC_152_11426",0
"1995",1995,"Zeemercuur","MCC_20_1405",0
"1996",1996,"Zeepaard","MMR_VOC_H494",0
"1997",1997,"Zeeuw","Extract T, Reis 19a, p.165-173",0
"1998",1998,"Zeeuw","Extract T, Reis 19b, p.174-183",0
"1999",1999,"Zephyr","ADM_177_1161",0
"2000",2000,"Zephyr","ADM_177_1185",0
"2001",2001,"Zephyr","PRO ADM 51/4010",0
"2002",2002,"Zwaan","VOC_152_11431",0
"2003",2003,"Zwaluw","ADM_177_2421",0
"2004",2004,"Zwaluw","Extract V, Reis 1, p.4-7",0
"2005",2005,"Zwaluw","MAR_D23905_5332",0
"2006",2006,"Zwaluw","MAR_D23905_5334",0
"2007",2007,"Zwaluw","MAR_D23905_5335",0
"2008",2008,"Zwaluw","MAR_D23905_5336",0
"2009",2009,"Zwaluw","MAR_D23905_5337",0
"2010",2010,"Zwaluw","Extract V, Reis 1, p.4-7",1
