"","Weather.ID","Weather.Weather.Code","Weather.Description","Weather.Symbol"
"1",1,"W00","Lichte buien","#D:\koek\Mijn documenten\CLIWOC\symbolen\lichte buien.jpg#"
"2",2,"W01","Buien. Matige buien","#D:\koek\Mijn documenten\CLIWOC\symbolen\buien.jpg#"
"3",3,"W02","Zware buien","#D:\koek\Mijn documenten\CLIWOC\symbolen\zware buien.jpg#"
"4",4,"W03","?","#D:\koek\Mijn documenten\CLIWOC\symbolen\w03.jpg#"
"5",5,"W04","?","#D:\koek\Mijn documenten\CLIWOC\symbolen\w04.jpg#"
"6",6,"W05","Toenemende buien","#D:\koek\Mijn documenten\CLIWOC\symbolen\w05.jpg#"
"7",7,"W06","Buien rondom","#D:\koek\Mijn documenten\CLIWOC\symbolen\w06.jpg#"
"8",8,"W07","Afnemende buien","#D:\koek\Mijn documenten\CLIWOC\symbolen\w07.jpg#"
"9",9,"W10","Mistig","#D:\koek\Mijn documenten\CLIWOC\symbolen\w10.jpg#"
"10",10,"W11","Dik van de mist","#D:\koek\Mijn documenten\CLIWOC\symbolen\w11.jpg#"
"11",11,"W12","Zeer dikke mist","#D:\koek\Mijn documenten\CLIWOC\symbolen\w12.jpg#"
"12",12,"W20","Motregen","#D:\koek\Mijn documenten\CLIWOC\symbolen\w20.jpg#"
"13",13,"W21","Regen","#D:\koek\Mijn documenten\CLIWOC\symbolen\w21.jpg#"
"14",14,"W22","Stortregen","#D:\koek\Mijn documenten\CLIWOC\symbolen\w22.jpg#"
"15",15,"W23","Lichte sneeuw","#D:\koek\Mijn documenten\CLIWOC\symbolen\w23.jpg#"
"16",16,"W24","Matige sneeuw. Sneeuw","#D:\koek\Mijn documenten\CLIWOC\symbolen\w24.jpg#"
"17",17,"W25","Zware sneeuw","#D:\koek\Mijn documenten\CLIWOC\symbolen\w25.jpg#"
"18",18,"W26","Lichte hagel","#D:\koek\Mijn documenten\CLIWOC\symbolen\w26.jpg#"
"19",19,"W27","Hagel","#D:\koek\Mijn documenten\CLIWOC\symbolen\w27.jpg#"
"20",20,"W28","Zware hagel","#D:\koek\Mijn documenten\CLIWOC\symbolen\w28.jpg#"
"21",21,"W30","Licht weerlicht","#D:\koek\Mijn documenten\CLIWOC\symbolen\licht weerlicht.jpg#"
"22",22,"W31","Matig weerlicht","#D:\koek\Mijn documenten\CLIWOC\symbolen\matig weerlicht.jpg#"
"23",23,"W32","Zwaar weerlicht","#D:\koek\Mijn documenten\CLIWOC\symbolen\zwaar weerlicht.jpg#"
"24",24,"W33","Toenemend weerlicht","#D:\koek\Mijn documenten\CLIWOC\symbolen\weerlicht toenemend.jpg#"
"25",25,"W34","Weerlicht rondom","#D:\koek\Mijn documenten\CLIWOC\symbolen\weerlicht rondom.jpg#"
"26",26,"W35","Afnemend weerlicht","#D:\koek\Mijn documenten\CLIWOC\symbolen\weerlicht afnemend.jpg#"
"27",27,"W40","Licht onweer, donder en weerlicht","#D:\koek\Mijn documenten\CLIWOC\symbolen\licht onweer, donder en weerlicht2.jpg#"
"28",28,"W41","Licht onweer, donder en weerlicht","#D:\koek\Mijn documenten\CLIWOC\symbolen\licht onweer, donder en weerlicht3.jpg#"
"29",29,"W42","Licht onweer, donder en weerlicht","#D:\koek\Mijn documenten\CLIWOC\symbolen\licht onweer, donder en weerlicht.jpg#"
"30",30,"W43","Matig onweer, donder en weerlicht","#D:\koek\Mijn documenten\CLIWOC\symbolen\matig onweer, donder en weerlicht.jpg#"
"31",31,"W44","Zwaar onweer, donder en weerlicht","#D:\koek\Mijn documenten\CLIWOC\symbolen\zwaar onweer, donder en weerlicht.jpg#"
"32",32,"W45","Toenemend onweer, donder en weerlicht","#D:\koek\Mijn documenten\CLIWOC\symbolen\onweer toenemend.jpg#"
"33",33,"W46","Onweer, donder en weerlicht rondom","#D:\koek\Mijn documenten\CLIWOC\symbolen\onweer rondom.jpg#"
"34",34,"W47","Afnemend onweer, donder en weerlicht","#D:\koek\Mijn documenten\CLIWOC\symbolen\onweer afnemend.jpg#"
"35",35,"V00","Wolkdrijvende lucht","#D:\koek\Mijn documenten\CLIWOC\symbolen\wolkdrijvende lucht.jpg#"
"36",36,"V01","Licht afwisselend bewolkte lucht","#D:\koek\Mijn documenten\CLIWOC\symbolen\afwisselend bewolkte lucht.jpg#"
"37",37,"V02","Matig afwisselend bewolkte lucht","#D:\koek\Mijn documenten\CLIWOC\symbolen\afwisselend bewolkte lucht_1.jpg#"
"38",38,"V03","Zwaar afwisselend bewolkte lucht","#D:\koek\Mijn documenten\CLIWOC\symbolen\afwisselend bewolkte lucht_2.jpg#"
"39",39,"V04","Bewolkte lucht","#D:\koek\Mijn documenten\CLIWOC\symbolen\bewolkte lucht.jpg#"
"40",40,"V05","Betrokken lucht","#D:\koek\Mijn documenten\CLIWOC\symbolen\betrokken lucht.jpg#"
"41",41,"V06","Dik betrokken lucht","#D:\koek\Mijn documenten\CLIWOC\symbolen\dik betrokken lucht.jpg#"
"42",42,"V07","Licht afwisselend bewolkte en buiige lucht","#D:\koek\Mijn documenten\CLIWOC\symbolen\afwisselend bewolkte en buiige lucht.jpg#"
"43",43,"V08","Matig afwisselend bewolkte en buiige lucht","#D:\koek\Mijn documenten\CLIWOC\symbolen\matig afwisselend bewolkte en buiige lucht.jpg#"
"44",44,"V10","Licht buiige lucht. Onweerslucht. Opwerkende lucht","#D:\koek\Mijn documenten\CLIWOC\symbolen\buiige lucht.jpg#"
"45",45,"V11","Matig buiige lucht. Onweerslucht. Opwerkende lucht","#D:\koek\Mijn documenten\CLIWOC\symbolen\buiige lucht_1.jpg#"
"46",46,"V12","Zwaar buiige lucht. Onweerslucht. Opwerkende lucht","#D:\koek\Mijn documenten\CLIWOC\symbolen\buiige lucht_2.jpg#"
"47",47,"V13","Licht verstopte lucht. Vuile lucht","#D:\koek\Mijn documenten\CLIWOC\symbolen\verstopte lucht.jpg#"
"48",48,"V14","Matig verstopte lucht. Vuile lucht","#D:\koek\Mijn documenten\CLIWOC\symbolen\verstopte lucht_1.jpg#"
"49",49,"V15","Zwaar verstopte lucht. Vuile lucht","#D:\koek\Mijn documenten\CLIWOC\symbolen\verstopte lucht_2.jpg#"
"50",50,"V16","Dik verstopte lucht","#D:\koek\Mijn documenten\CLIWOC\symbolen\dik verstopte lucht.jpg#"
"51",51,"V17","?","#D:\koek\Mijn documenten\CLIWOC\symbolen\dik verstopte lucht_1.jpg#"
"52",52,"V18","?","#D:\koek\Mijn documenten\CLIWOC\symbolen\dik verstopte lucht_2.jpg#"
"53",53,"H00","Heldere lucht","#D:\koek\Mijn documenten\CLIWOC\symbolen\heldere lucht.jpg#"
"54",54,"H01","Dampige lucht. Dauwend weer","#D:\koek\Mijn documenten\CLIWOC\symbolen\dampige lucht.jpg#"
"55",55,"H02","Dauw","#D:\koek\Mijn documenten\CLIWOC\symbolen\dauw.jpg#"
"56",56,"H03","Zware dauw","#D:\koek\Mijn documenten\CLIWOC\symbolen\zware dauw.jpg#"
"57",57,"H10","Licht heiige lucht. Nevel","#D:\koek\Mijn documenten\CLIWOC\symbolen\heiige lucht.jpg#"
"58",58,"H11","Matig heiige lucht. Nevel","#D:\koek\Mijn documenten\CLIWOC\symbolen\matig heiige lucht.jpg#"
"59",59,"H12","Zwaar heiige lucht. Nevel","#D:\koek\Mijn documenten\CLIWOC\symbolen\zwaar heiige lucht.jpg#"
"60",60,"H13","Dauwend weer met bewolkte lucht","#D:\koek\Mijn documenten\CLIWOC\symbolen\h13.jpg#"
"61",61,"H20","?","#D:\koek\Mijn documenten\CLIWOC\symbolen\h20.jpg#"
"62",62,"H21","?","#D:\koek\Mijn documenten\CLIWOC\symbolen\h21.jpg#"
"63",63,"H22","?","#D:\koek\Mijn documenten\CLIWOC\symbolen\h22.jpg#"
"64",64,"Z00","Zee","#D:\koek\Mijn documenten\CLIWOC\symbolen\zee.jpg#"
"65",65,"Z01","Hoge zee","#D:\koek\Mijn documenten\CLIWOC\symbolen\hoge zee.jpg#"
"66",66,"Z02","Wilde zee","#D:\koek\Mijn documenten\CLIWOC\symbolen\wilde zee.jpg#"
"67",67,"Z03","Deining","#D:\koek\Mijn documenten\CLIWOC\symbolen\deining.jpg#"
"68",68,"Z04","Hoge deining","#D:\koek\Mijn documenten\CLIWOC\symbolen\hoge deining.jpg#"
"69",69,"Z05","Zware deining","#D:\koek\Mijn documenten\CLIWOC\symbolen\zware deining.jpg#"
"70",70,"Z06","Aanhoudende zware deining","#D:\koek\Mijn documenten\CLIWOC\symbolen\aanhoudende zware deining.jpg#"
"71",71,"Z07","Dooreenlopende deining 1","#D:\koek\Mijn documenten\CLIWOC\symbolen\dooreenlopende deining1.jpg#"
"72",72,"Z07","Dooreenlopende deining 2","#D:\koek\Mijn documenten\CLIWOC\symbolen\dooreenlopende deining2.jpg#"
"73",73,"S00","Lichte stroomrafelingen","#D:\koek\Mijn documenten\CLIWOC\symbolen\lichte stroomravelingen.jpg#"
"74",74,"S01","Matige stroomrafelingen","#D:\koek\Mijn documenten\CLIWOC\symbolen\matige stroomravelingen.jpg#"
"75",75,"S02","Zware stroomrafelingen","#D:\koek\Mijn documenten\CLIWOC\symbolen\zware stroomravelingen.jpg#"
